station_id,tank_id,fuel_type,day,total_qty,txn_count,avg_txn,std_txn,closing_balance,dow,is_weekend,balance_delta,qty_vs_balance_gap,qty_change
STATION_01,Diesel Tank 01,DIESEL_AUTO,2025-10-14,919.2180000000001,11,83.56527272727273,135.2156492489615,3831683.83,1,0,0.0,919.2180000000001,0.0
STATION_01,Diesel Tank 01,DIESEL_AUTO,2025-10-16,987.95,11,89.81363636363636,104.03450587115096,4063601.14,3,0,231917.31000000006,-230929.36000000004,68.73199999999997
STATION_01,Diesel Tank 01,DIESEL_AUTO,2025-10-17,1338.6399999999999,12,111.55333333333333,195.49801851324747,4377841.52,4,0,314240.3799999994,-312901.7399999994,350.6899999999998
STATION_01,Diesel Tank 01,DIESEL_AUTO,2025-10-18,2307.661,11,209.78736363636364,224.1131599399164,4919555.48,5,1,541713.9600000009,-539406.2990000009,969.0210000000002
STATION_01,Diesel Tank 01,DIESEL_AUTO,2025-10-20,24.19,1,24.19,0.0,4925233.99,0,0,5678.5099999997765,-5654.319999999777,-2283.471
STATION_01,Diesel Tank 01,DIESEL_AUTO,2025-10-23,1765.311,12,147.10925,253.3468204271926,5339633.45,3,0,414399.45999999996,-412634.149,1741.1209999999999
STATION_01,Diesel Tank 01,DIESEL_AUTO,2025-10-24,2144.851,12,178.73758333333333,445.7790233095436,5843128.41,4,0,503494.95999999996,-501350.10899999994,379.5400000000002
STATION_01,Diesel Tank 01,DIESEL_AUTO,2025-10-25,555.38,6,92.56333333333333,80.51327036623631,5973501.64,5,1,130373.22999999952,-129817.84999999951,-1589.471
STATION_01,Diesel Tank 01,DIESEL_AUTO,2025-10-26,407.54,3,135.84666666666666,221.96197448512063,6069170.02,6,1,95668.37999999989,-95260.8399999999,-147.83999999999997
STATION_01,Diesel Tank 01,DIESEL_AUTO,2025-10-27,834.701,9,92.74455555555556,120.25588677598188,6265112.51,0,0,195942.49000000022,-195107.78900000022,427.161
STATION_01,Diesel Tank 01,DIESEL_AUTO,2025-10-28,924.9010000000001,13,71.14623076923077,96.75198950594749,6482229.08,1,0,217116.5700000003,-216191.6690000003,90.20000000000005
STATION_01,Diesel Tank 01,DIESEL_AUTO,2025-10-29,2181.4210000000003,18,121.19005555555557,175.21098257998497,6994308.71,2,0,512079.6299999999,-509898.2089999999,1256.5200000000002
STATION_01,Diesel Tank 01,DIESEL_AUTO,2025-10-30,1768.54,12,147.37833333333333,217.49047498781235,7409466.4,3,0,415157.6900000004,-413389.15000000043,-412.8810000000003
STATION_01,Diesel Tank 01,DIESEL_AUTO,2025-10-31,1570.471,22,71.38504545454545,90.0839383804943,7778127.96,4,0,368661.5599999996,-367091.08899999957,-198.06899999999996
STATION_01,Diesel Tank 01,DIESEL_AUTO,2025-11-01,1351.01,4,337.7525,286.4297486068792,317144.2,5,1,-7460983.76,-7459632.75,-219.461
STATION_01,Diesel Tank 01,DIESEL_AUTO,2025-11-02,772.9100000000001,4,193.22750000000002,186.6333249529676,498581.73,6,1,181437.52999999997,-180664.61999999997,-578.0999999999999
STATION_01,Diesel Tank 01,DIESEL_AUTO,2025-11-03,1438.45,10,143.845,173.58630530469082,836252.11,0,0,337670.38,-336231.93,665.54
STATION_01,Diesel Tank 01,DIESEL_AUTO,2025-11-04,1838.731,10,183.8731,289.82441355086013,1267886.62,1,0,431634.5100000001,-429795.7790000001,400.28099999999995
STATION_01,Diesel Tank 01,DIESEL_AUTO,2025-11-06,3203.4500000000003,12,266.9541666666667,500.43275200221973,2019883.6,3,0,751996.98,-748793.53,1364.7190000000003
STATION_01,Diesel Tank 01,DIESEL_AUTO,2025-11-07,2123.531,14,151.68078571428572,332.4862946779052,2518373.78,4,0,498490.1799999997,-496366.6489999997,-1079.9190000000003
STATION_01,Diesel Tank 01,DIESEL_AUTO,2025-11-08,2081.6,9,231.2888888888889,449.67092001246994,3007021.05,5,1,488647.27,-486565.67000000004,-41.93100000000004
STATION_01,Diesel Tank 01,DIESEL_AUTO,2025-11-09,902.84,1,902.84,0.0,3218959.13,6,1,211938.08000000007,-211035.24000000008,-1178.7599999999998
STATION_01,Diesel Tank 01,DIESEL_AUTO,2025-11-10,4928.51,10,492.851,1041.8677984333924,4375907.13,0,0,1156948.0,-1152019.49,4025.67
STATION_01,Diesel Tank 01,DIESEL_AUTO,2025-11-11,2954.12,23,128.44,267.1457777096447,5069374.99,1,0,693467.8600000003,-690513.7400000003,-1974.3900000000003
STATION_01,Diesel Tank 01,DIESEL_AUTO,2025-11-12,2501.2,11,227.38181818181818,381.4720909059582,5656521.69,2,0,587146.7000000002,-584645.5000000002,-452.9200000000001
STATION_01,Diesel Tank 01,DIESEL_AUTO,2025-11-13,2232.31,15,148.82066666666665,259.9409857101269,6180547.54,3,0,524025.8499999996,-521793.53999999963,-268.8899999999999
STATION_01,Diesel Tank 01,DIESEL_AUTO,2025-11-14,2211.451,19,116.39215789473684,233.6162419180613,6699676.58,4,0,519129.04000000004,-516917.58900000004,-20.858999999999924
STATION_01,Diesel Tank 01,DIESEL_AUTO,2025-11-15,1727.241,7,246.74871428571427,486.74999099973087,7105139.26,5,1,405462.6799999997,-403735.4389999997,-484.21000000000004
STATION_01,Diesel Tank 01,DIESEL_AUTO,2025-11-16,1718.57,8,214.82125,367.5021422059041,7508566.69,6,1,403427.43000000063,-401708.8600000006,-8.67100000000005
STATION_01,Diesel Tank 01,DIESEL_AUTO,2025-11-18,1290.011,9,143.33455555555554,121.04338871775597,7811391.38,1,0,302824.6899999995,-301534.6789999995,-428.55899999999997
STATION_01,Diesel Tank 01,DIESEL_AUTO,2025-11-19,880.431,10,88.04310000000001,115.75819681315588,8018068.8,2,0,206677.41999999993,-205796.9889999999,-409.5799999999999
STATION_01,Diesel Tank 01,DIESEL_AUTO,2025-11-20,1024.76,14,73.19714285714285,67.22384385464288,8258627.12,3,0,240558.3200000003,-239533.5600000003,144.32899999999995
STATION_01,Diesel Tank 01,DIESEL_AUTO,2025-11-21,2484.91,22,112.95045454545453,187.4724566494089,8841949.8,4,0,583322.6800000006,-580837.7700000006,1460.1499999999999
STATION_01,Diesel Tank 01,DIESEL_AUTO,2025-11-22,847.6,9,94.17777777777778,95.07770901054803,9040920.51,5,1,198970.70999999903,-198123.10999999903,-1637.31
STATION_01,Diesel Tank 01,DIESEL_AUTO,2025-11-23,1808.86,7,258.4085714285714,294.30699585685306,9465543.15,6,1,424622.6400000006,-422813.7800000006,961.2599999999999
STATION_01,Diesel Tank 01,DIESEL_AUTO,2025-11-24,1830.85,10,183.08499999999998,382.7160954746133,9895327.87,0,0,429784.7199999988,-427953.86999999883,21.99000000000001
STATION_01,Diesel Tank 01,DIESEL_AUTO,2025-11-25,1695.57,12,141.29749999999999,368.8005239775167,10293356.14,1,0,398028.2700000014,-396332.7000000014,-135.27999999999997
STATION_01,Diesel Tank 01,DIESEL_AUTO,2025-11-27,796.331,8,99.541375,167.46585591178837,10480291.41,3,0,186935.26999999955,-186138.93899999955,-899.2389999999999
STATION_01,Diesel Tank 01,DIESEL_AUTO,2025-11-28,464.52,3,154.84,118.08255282216759,10589335.63,4,0,109044.22000000067,-108579.70000000067,-331.81100000000004
STATION_01,Diesel Tank 01,DIESEL_AUTO,2025-11-29,2262.659,7,323.237,535.7106202391362,11120485.91,5,1,531150.2799999993,-528887.6209999993,1798.1390000000001
STATION_01,Diesel Tank 01,DIESEL_AUTO,2025-12-02,1749.8000000000002,7,249.9714285714286,444.5825039344431,410758.55,1,0,-10709727.36,-10707977.559999999,-512.8589999999999
STATION_01,Diesel Tank 01,DIESEL_AUTO,2025-12-03,1350.14,3,450.0466666666667,753.5229303301483,727698.52,2,0,316939.97000000003,-315589.83,-399.6600000000001
STATION_01,Diesel Tank 01,DIESEL_AUTO,2025-12-05,2328.811,24,97.03379166666667,163.94471466107876,1274377.35,4,0,546678.8300000001,-544350.0190000001,978.671
STATION_01,Diesel Tank 01,DIESEL_AUTO,2025-12-06,1343.3,7,191.9,276.87435543401267,1589711.65,5,1,315334.2999999998,-313990.9999999998,-985.5110000000002
STATION_01,Diesel Tank 01,DIESEL_AUTO,2025-12-07,1580.1909999999998,3,526.7303333333333,693.633153589369,1960654.93,6,1,370943.28,-369363.08900000004,236.89099999999985
STATION_01,Diesel Tank 01,DIESEL_AUTO,2025-12-08,3100.0,2,1550.0,2192.0310216782973,2688367.53,0,0,727712.5999999999,-724612.5999999999,1519.8090000000002
STATION_01,Diesel Tank 01,DIESEL_AUTO,2025-12-09,508.08,4,127.02,104.92597290153346,2807637.28,1,0,119269.75,-118761.67,-2591.92
STATION_01,Diesel Tank 01,DIESEL_AUTO,2025-12-10,3171.841,27,117.47559259259259,256.2782234267851,3552214.04,2,0,744576.7600000002,-741404.9190000002,2663.761
STATION_01,Diesel Tank 01,DIESEL_AUTO,2025-12-11,1552.34,8,194.0425,281.5084012301282,3916619.55,3,0,364405.5099999998,-362853.16999999975,-1619.501
STATION_01,Diesel Tank 01,DIESEL_AUTO,2025-12-12,536.04,8,67.005,64.1533891767001,4042452.79,4,0,125833.24000000022,-125297.20000000023,-1016.3
STATION_01,Diesel Tank 01,DIESEL_AUTO,2025-12-13,936.83,2,468.415,577.5860320766077,4262369.89,5,1,219917.09999999963,-218980.26999999964,400.7900000000001
STATION_01,Diesel Tank 01,DIESEL_AUTO,2025-12-14,798.411,7,114.05871428571427,105.41746494566935,4449793.44,6,1,187423.55000000075,-186625.13900000075,-138.4190000000001
STATION_01,Diesel Tank 01,DIESEL_AUTO,2025-12-15,3377.251,26,129.89426923076923,268.2843032928401,5242589.36,0,0,792795.9199999999,-789418.6689999999,2578.84
STATION_01,Diesel Tank 01,DIESEL_AUTO,2025-12-16,1705.681,14,121.83435714285714,169.0068192905505,5642990.92,1,0,400401.5599999996,-398695.8789999996,-1671.5700000000002
STATION_01,Diesel Tank 01,DIESEL_AUTO,2025-12-17,754.68,1,754.68,0.0,5820149.03,2,0,177158.11000000034,-176403.43000000034,-951.0010000000001
STATION_01,Diesel Tank 01,DIESEL_AUTO,2025-12-19,1473.441,18,81.85783333333333,74.28730292052526,6166033.17,4,0,345884.13999999966,-344410.6989999997,718.7610000000001
STATION_01,Diesel Tank 01,DIESEL_AUTO,2025-12-20,2084.171,18,115.78727777777777,162.17834072432348,6655283.75,5,1,489250.5800000001,-487166.4090000001,610.7299999999998
STATION_01,Diesel Tank 01,DIESEL_AUTO,2025-12-21,1891.971,12,157.66425,213.1152488009182,7099416.14,6,1,444132.38999999966,-442240.41899999965,-192.19999999999982
STATION_01,Diesel Tank 01,DIESEL_AUTO,2025-12-22,3052.431,20,152.62155,316.6265833627125,7815961.87,0,0,716545.7300000004,-713493.2990000005,1160.46
STATION_01,Diesel Tank 01,DIESEL_AUTO,2025-12-23,5799.571,21,276.17004761904764,733.3844053071674,9177387.72,1,0,1361425.8500000006,-1355626.2790000006,2747.14
STATION_01,Diesel Tank 01,DIESEL_AUTO,2025-12-24,2271.931,13,174.76392307692308,392.77984371559035,9710714.21,2,0,533326.4900000002,-531054.5590000002,-3527.64
STATION_01,Diesel Tank 01,DIESEL_AUTO,2025-12-25,805.561,4,201.39025,207.5918438191877,9899816.2,3,0,189101.98999999836,-188296.42899999837,-1466.37
STATION_01,Diesel Tank 01,DIESEL_AUTO,2025-12-26,3109.312,29,107.21765517241379,213.57302495019556,10629714.28,4,0,729898.0800000001,-726788.768,2303.7509999999997
STATION_01,Diesel Tank 01,DIESEL_AUTO,2025-12-27,2445.861,17,143.87417647058822,194.9074866235374,11203870.14,5,1,574155.8600000013,-571709.9990000012,-663.451
STATION_01,Diesel Tank 01,DIESEL_AUTO,2025-12-28,1631.931,7,233.133,246.0636023585501,11586959.18,6,1,383089.0399999991,-381457.1089999991,-813.9299999999998
STATION_01,Diesel Tank 01,DIESEL_AUTO,2025-12-29,2815.301,20,140.76505,209.18094970660036,12247839.59,0,0,660880.4100000001,-658065.1090000002,1183.37
STATION_01,Diesel Tank 01,DIESEL_AUTO,2025-12-30,2675.391,23,116.32134782608696,251.50086065994228,12875876.69,1,0,628037.0999999996,-625361.7089999997,-139.90999999999985
STATION_01,Diesel Tank 01,DIESEL_AUTO,2025-12-31,3201.631,25,128.06524,248.97455303910743,13627446.53,2,0,751569.8399999999,-748368.2089999998,526.2399999999998
STATION_01,Diesel Tank 02,DIESEL_AUTO,2025-10-01,2058.0,18,114.33333333333333,147.59709277066722,483107.27,2,0,0.0,2058.0,0.0
STATION_01,Diesel Tank 02,DIESEL_AUTO,2025-10-02,1701.0,16,106.3125,158.45296252326744,882410.21,3,0,399302.93999999994,-397601.93999999994,-357.0
STATION_01,Diesel Tank 02,DIESEL_AUTO,2025-10-04,1202.0,12,100.16666666666667,129.54292355841213,1164574.91,5,1,282164.69999999995,-280962.69999999995,-499.0
STATION_01,Diesel Tank 02,DIESEL_AUTO,2025-10-05,495.0,3,165.0,62.97661673986622,1280774.18,6,1,116199.27000000002,-115704.27000000002,-707.0
STATION_01,Diesel Tank 02,DIESEL_AUTO,2025-10-06,450.0,3,150.0,248.24870327758006,1386409.88,0,0,105635.69999999995,-105185.69999999995,-45.0
STATION_01,Diesel Tank 02,DIESEL_AUTO,2025-10-07,891.0,12,74.25,102.85547887117235,1595568.57,1,0,209158.69000000018,-208267.69000000018,441.0
STATION_01,Diesel Tank 02,DIESEL_AUTO,2025-10-08,1449.0,11,131.72727272727272,227.7370964920256,1935715.52,2,0,340146.94999999995,-338697.94999999995,558.0
STATION_01,Diesel Tank 02,DIESEL_AUTO,2025-10-09,1848.0,8,231.0,506.26095710188264,2369526.13,3,0,433810.60999999987,-431962.60999999987,399.0
STATION_01,Diesel Tank 02,DIESEL_AUTO,2025-10-11,957.001,13,73.61546153846153,84.45115592520071,2594178.06,5,1,224651.93000000017,-223694.92900000018,-890.999
STATION_01,Diesel Tank 02,DIESEL_AUTO,2025-10-12,592.0,3,197.33333333333334,75.34538535526467,2733147.69,6,1,138969.6299999999,-138377.6299999999,-365.001
STATION_01,Diesel Tank 02,DIESEL_AUTO,2025-10-13,938.001,6,156.3335,157.27017621882416,2953339.44,0,0,220191.75,-219253.749,346.001
STATION_01,Diesel Tank 02,DIESEL_AUTO,2025-10-14,760.0,8,95.0,131.79530295445716,3131746.4,1,0,178406.95999999996,-177646.95999999996,-178.00099999999998
STATION_01,Diesel Tank 02,DIESEL_AUTO,2025-10-15,1905.0,16,119.0625,182.73307998243413,3578937.53,2,0,447191.1299999999,-445286.1299999999,1145.0
STATION_01,Diesel Tank 02,DIESEL_AUTO,2025-10-16,1917.0,9,213.0,464.5438842294665,4028945.62,3,0,450008.0900000003,-448091.0900000003,12.0
STATION_01,Diesel Tank 02,DIESEL_AUTO,2025-10-17,1969.0010000000002,22,89.50004545454546,195.09771311648822,4491160.49,4,0,462214.8700000001,-460245.8690000001,52.001000000000204
STATION_01,Diesel Tank 02,DIESEL_AUTO,2025-10-19,1141.0,6,190.16666666666666,134.84457077934826,4759005.68,6,1,267845.1899999995,-266704.1899999995,-828.0010000000002
STATION_01,Diesel Tank 02,DIESEL_AUTO,2025-10-20,1835.001,17,107.94123529411765,156.2844015959084,5189764.59,0,0,430758.91000000015,-428923.90900000016,694.001
STATION_01,Diesel Tank 02,DIESEL_AUTO,2025-10-21,2362.0,18,131.22222222222223,228.61713176517623,5744234.64,1,0,554470.0499999998,-552108.0499999998,526.999
STATION_01,Diesel Tank 02,DIESEL_AUTO,2025-10-22,2451.0,13,188.53846153846155,240.05350979750864,6319597.08,2,0,575362.4400000004,-572911.4400000004,89.0
STATION_01,Diesel Tank 02,DIESEL_AUTO,2025-10-23,884.0,7,126.28571428571429,148.97280963844182,6527112.55,3,0,207515.46999999974,-206631.46999999974,-1567.0
STATION_01,Diesel Tank 02,DIESEL_AUTO,2025-10-24,1651.001,28,58.96432142857143,78.1281866483981,6914678.2,4,0,387565.6500000004,-385914.6490000004,767.001
STATION_01,Diesel Tank 02,DIESEL_AUTO,2025-10-25,1505.9989999999998,5,301.1998,397.57737574489823,7268205.68,5,1,353527.4799999995,-352021.4809999995,-145.00200000000018
STATION_01,Diesel Tank 02,DIESEL_AUTO,2025-10-26,892.0,2,446.0,68.93442588431418,7477599.11,6,1,209393.43000000063,-208501.43000000063,-613.9989999999998
STATION_01,Diesel Tank 02,DIESEL_AUTO,2025-10-27,1362.0,8,170.25,270.1150622028641,7797323.16,0,0,319724.0499999998,-318362.0499999998,470.0
STATION_01,Diesel Tank 02,DIESEL_AUTO,2025-10-28,1703.0,9,189.22222222222223,260.11235872732857,8197095.6,1,0,399772.4399999995,-398069.4399999995,341.0
STATION_01,Diesel Tank 02,DIESEL_AUTO,2025-10-30,1118.0,11,101.63636363636364,99.97287387613974,8459541.63,3,0,262446.0300000012,-261328.0300000012,-585.0
STATION_01,Diesel Tank 02,DIESEL_AUTO,2025-10-31,1141.0,11,103.72727272727273,152.06336203049761,8727386.82,4,0,267845.1899999995,-266704.1899999995,23.0
STATION_01,Diesel Tank 02,DIESEL_AUTO,2025-11-01,945.001,12,78.75008333333334,90.18857359641554,221834.97,5,1,-8505551.85,-8504606.849,-195.99900000000002
STATION_01,Diesel Tank 02,DIESEL_AUTO,2025-11-02,443.0,3,147.66666666666666,165.3067855029954,325827.44,6,1,103992.47,-103549.47,-502.001
STATION_01,Diesel Tank 02,DIESEL_AUTO,2025-11-03,1724.0,8,215.5,530.9724592535043,730529.54,0,0,404702.10000000003,-402978.10000000003,1281.0
STATION_01,Diesel Tank 02,DIESEL_AUTO,2025-11-04,1086.0,10,108.6,214.5999849896443,985463.7,1,0,254934.15999999992,-253848.15999999992,-638.0
STATION_01,Diesel Tank 02,DIESEL_AUTO,2025-11-05,1458.0,5,291.6,300.0936210326704,1327723.36,2,0,342259.66000000015,-340801.66000000015,372.0
STATION_01,Diesel Tank 02,DIESEL_AUTO,2025-11-06,1090.0,14,77.85714285714286,125.35185711542415,1583596.53,3,0,255873.16999999993,-254783.16999999993,-368.0
STATION_01,Diesel Tank 02,DIESEL_AUTO,2025-11-07,1351.0,17,79.47058823529412,80.12294902137809,1900738.37,4,0,317141.8400000001,-315790.8400000001,261.0
STATION_01,Diesel Tank 02,DIESEL_AUTO,2025-11-08,416.0,4,104.0,82.71612518729343,1998392.71,5,1,97654.33999999985,-97238.33999999985,-935.0
STATION_01,Diesel Tank 02,DIESEL_AUTO,2025-11-09,445.0,4,111.25,110.85756281222616,2102854.68,6,1,104461.9700000002,-104016.9700000002,29.0
STATION_01,Diesel Tank 02,DIESEL_AUTO,2025-11-10,624.001,12,52.00008333333333,29.280125280588706,2249336.18,0,0,146481.5,-145857.499,179.00099999999998
STATION_01,Diesel Tank 02,DIESEL_AUTO,2025-11-11,104.0,1,104.0,0.0,2273749.76,1,0,24413.57999999961,-24309.57999999961,-520.001
STATION_01,Diesel Tank 02,DIESEL_AUTO,2025-11-12,1194.001,12,99.50008333333334,136.19168371116987,2554036.48,2,0,280286.7200000002,-279092.7190000002,1090.001
STATION_01,Diesel Tank 02,DIESEL_AUTO,2025-11-14,1158.001,8,144.750125,212.83738227404473,2825872.35,4,0,271835.8700000001,-270677.8690000001,-36.0
STATION_01,Diesel Tank 02,DIESEL_AUTO,2025-11-15,1063.0,10,106.3,134.7037070239717,3075407.35,5,1,249535.0,-248472.0,-95.00099999999998
STATION_01,Diesel Tank 02,DIESEL_AUTO,2025-11-17,2575.001,12,214.5834166666667,436.51141056947876,3679878.3,0,0,604470.9499999997,-601895.9489999997,1512.0010000000002
STATION_01,Diesel Tank 02,DIESEL_AUTO,2025-11-18,1810.0,13,139.23076923076923,372.225877648271,4104768.56,1,0,424890.26000000024,-423080.26000000024,-765.0010000000002
STATION_01,Diesel Tank 02,DIESEL_AUTO,2025-11-19,1680.0,12,140.0,277.518698311565,4499141.84,2,0,394373.2799999998,-392693.2799999998,-130.0
STATION_01,Diesel Tank 02,DIESEL_AUTO,2025-11-20,1600.0,10,160.0,286.566899780061,4874735.44,3,0,375593.60000000056,-373993.60000000056,-80.0
STATION_01,Diesel Tank 02,DIESEL_AUTO,2025-11-22,1695.0,4,423.75,666.0216252244868,5272629.91,5,1,397894.46999999974,-396199.46999999974,95.0
STATION_01,Diesel Tank 02,DIESEL_AUTO,2025-11-24,866.001,8,108.250125,161.00336612491546,5475919.94,0,0,203290.03000000026,-202424.02900000027,-828.999
STATION_01,Diesel Tank 02,DIESEL_AUTO,2025-11-25,643.001,13,49.461615384615385,46.344418685062934,5626861.62,1,0,150941.6799999997,-150298.6789999997,-223.0
STATION_01,Diesel Tank 02,DIESEL_AUTO,2025-11-26,2623.001,20,131.15005000000002,275.51171062387186,6242600.37,2,0,615738.75,-613115.749,1980.0000000000002
STATION_01,Diesel Tank 02,DIESEL_AUTO,2025-11-27,1858.0,8,232.25,546.78471930446,6678758.44,3,0,436158.0700000003,-434300.0700000003,-765.0010000000002
STATION_01,Diesel Tank 02,DIESEL_AUTO,2025-11-28,1457.0,4,364.25,406.3736610058941,7020783.37,4,0,342024.9299999997,-340567.9299999997,-401.0
STATION_01,Diesel Tank 02,DIESEL_AUTO,2025-11-29,1194.0,2,597.0,759.432682994352,7301070.09,5,1,280286.71999999974,-279092.71999999974,-263.0
STATION_01,Diesel Tank 02,DIESEL_AUTO,2025-11-30,1819.0,7,259.85714285714283,394.68428561042236,7728073.06,6,1,427002.96999999974,-425183.96999999974,625.0
STATION_01,Diesel Tank 02,DIESEL_AUTO,2025-12-01,2507.0,16,156.6875,272.54553509630887,588508.22,0,0,-7139564.84,-7137057.84,688.0
STATION_01,Diesel Tank 02,DIESEL_AUTO,2025-12-02,627.001,6,104.50016666666666,86.60833219596522,735693.97,1,0,147185.75,-146558.749,-1879.999
STATION_01,Diesel Tank 02,DIESEL_AUTO,2025-12-03,679.001,13,52.23084615384615,23.152161356434068,895086.5,2,0,159392.53000000003,-158713.52900000004,52.0
STATION_01,Diesel Tank 02,DIESEL_AUTO,2025-12-04,2026.0,9,225.11111111111111,332.1900008223624,1370681.9,3,0,475595.3999999999,-473569.3999999999,1346.999
STATION_01,Diesel Tank 02,DIESEL_AUTO,2025-12-05,579.0,3,193.0,174.6052691072065,1506599.83,4,0,135917.93000000017,-135338.93000000017,-1447.0
STATION_01,Diesel Tank 02,DIESEL_AUTO,2025-12-06,859.001,10,85.9001,99.08600758987113,1708246.65,5,1,201646.81999999983,-200787.81899999984,280.001
STATION_01,Diesel Tank 02,DIESEL_AUTO,2025-12-07,601.0,7,85.85714285714286,56.70768164140425,1849328.99,6,1,141082.34000000008,-140481.34000000008,-258.001
STATION_01,Diesel Tank 02,DIESEL_AUTO,2025-12-08,2924.0,21,139.23809523809524,399.6368973914827,2535726.3,0,0,686397.3099999998,-683473.3099999998,2323.0
STATION_01,Diesel Tank 02,DIESEL_AUTO,2025-12-09,2041.001,17,120.05888235294117,217.17514929944286,3014842.88,1,0,479116.5800000001,-477075.5790000001,-882.999
STATION_01,Diesel Tank 02,DIESEL_AUTO,2025-12-11,1533.001,13,117.92315384615384,117.83213152959465,3374708.49,3,0,359865.61000000034,-358332.60900000035,-508.0
STATION_01,Diesel Tank 02,DIESEL_AUTO,2025-12-12,2515.0,19,132.3684210526316,226.97525545293254,3965094.68,4,0,590386.19,-587871.19,981.999
STATION_01,Diesel Tank 02,DIESEL_AUTO,2025-12-13,1973.0,16,123.3125,125.81531549961105,4428248.55,5,1,463153.86999999965,-461180.86999999965,-542.0
STATION_01,Diesel Tank 02,DIESEL_AUTO,2025-12-14,1324.0,6,220.66666666666666,409.8236064590065,4739052.25,6,1,310803.7000000002,-309479.7000000002,-649.0
STATION_01,Diesel Tank 02,DIESEL_AUTO,2025-12-16,1856.001,18,103.11116666666666,174.03931305184707,5174740.83,1,0,435688.5800000001,-433832.5790000001,532.001
STATION_01,Diesel Tank 02,DIESEL_AUTO,2025-12-17,3124.001,28,111.5714642857143,206.56749897085155,5908087.33,2,0,733346.5,-730222.499,1268.0000000000002
STATION_01,Diesel Tank 02,DIESEL_AUTO,2025-12-18,2390.0,20,119.5,202.59514784442706,6469130.27,3,0,561042.9399999995,-558652.9399999995,-734.0010000000002
STATION_01,Diesel Tank 02,DIESEL_AUTO,2025-12-19,2269.0009999999997,9,252.11122222222218,527.7320410423214,7001768.95,4,0,532638.6800000006,-530369.6790000006,-120.99900000000025
STATION_01,Diesel Tank 02,DIESEL_AUTO,2025-12-20,516.0,1,516.0,0.0,7122897.88,5,1,121128.9299999997,-120612.9299999997,-1753.0009999999997
STATION_01,Diesel Tank 02,DIESEL_AUTO,2025-12-23,255.0,1,255.0,0.0,7182758.11,1,0,59860.23000000045,-59605.23000000045,-261.0
STATION_01,Diesel Tank 02,DIESEL_AUTO,2025-12-24,907.001,12,75.58341666666666,83.40022189032868,7395672.73,2,0,212914.6200000001,-212007.61900000012,652.001
STATION_01,Diesel Tank 02,DIESEL_AUTO,2025-12-25,689.0,3,229.66666666666666,201.44988899062054,7557412.72,3,0,161739.9899999993,-161050.9899999993,-218.00099999999998
STATION_01,Diesel Tank 02,DIESEL_AUTO,2025-12-30,0.0,3,0.0,109.0,7557412.72,1,0,0.0,0.0,-689.0
STATION_01,Diesel Tank 02,DIESEL_AUTO,2025-12-31,3300.0,2,1650.0,2333.452377915607,8332074.52,2,0,774661.7999999998,-771361.7999999998,3300.0
STATION_01,Petrol Tank 01,PETROL_92,2025-10-01,4211.0,21,200.52380952380952,380.8784863121858,1067025.29,2,0,0.0,4211.0,0.0
STATION_01,Petrol Tank 01,PETROL_92,2025-10-02,3947.999,17,232.23523529411764,490.5468313802375,2067409.0,3,0,1000383.71,-996435.711,-263.0010000000002
STATION_01,Petrol Tank 01,PETROL_92,2025-10-03,4479.0,18,248.83333333333334,437.85961142101786,3202342.8,4,0,1134933.7999999998,-1130454.7999999998,531.0010000000002
STATION_01,Petrol Tank 01,PETROL_92,2025-10-04,3559.998,6,593.333,776.5632258952261,4104411.2,5,1,902068.4000000004,-898508.4020000004,-919.002
STATION_01,Petrol Tank 01,PETROL_92,2025-10-05,3920.999,16,245.0624375,598.3930359772991,5097953.39,6,1,993542.1899999995,-989621.1909999995,361.00099999999975
STATION_01,Petrol Tank 01,PETROL_92,2025-10-06,1815.0,10,181.5,292.3044231888696,5557856.24,0,0,459902.85000000056,-458087.85000000056,-2105.999
STATION_01,Petrol Tank 01,PETROL_92,2025-10-07,3744.998,17,220.294,416.32290061636655,6506801.79,1,0,948945.5499999998,-945200.5519999998,1929.998
STATION_01,Petrol Tank 01,PETROL_92,2025-10-08,3364.0,17,197.88235294117646,391.3011359605191,7359205.75,2,0,852403.96,-849039.96,-380.99800000000005
STATION_01,Petrol Tank 01,PETROL_92,2025-10-09,3617.0,17,212.76470588235293,404.5696208025828,8275717.37,3,0,916511.6200000001,-912894.6200000001,253.0
STATION_01,Petrol Tank 01,PETROL_92,2025-10-10,3862.0,20,193.1,396.99569408907087,9254309.55,4,0,978592.1800000006,-974730.1800000006,245.0
STATION_01,Petrol Tank 01,PETROL_92,2025-10-11,3600.0,13,276.9230769230769,528.081895867876,10166513.55,5,1,912204.0,-908604.0,-262.0
STATION_01,Petrol Tank 01,PETROL_92,2025-10-12,3276.0,7,468.0,600.8159904502098,10996619.19,6,1,830105.6399999987,-826829.6399999987,-324.0
STATION_01,Petrol Tank 01,PETROL_92,2025-10-13,3237.0,10,323.7,434.83956541388153,11816842.62,0,0,820223.4299999997,-816986.4299999997,-39.0
STATION_01,Petrol Tank 01,PETROL_92,2025-10-14,3508.0,23,152.52173913043478,361.66448136412754,12705734.75,1,0,888892.1300000008,-885384.1300000008,271.0
STATION_01,Petrol Tank 01,PETROL_92,2025-10-15,3575.9990000000003,16,223.49993750000002,402.49213525061066,13611857.38,2,0,906122.6300000008,-902546.6310000009,67.99900000000025
STATION_01,Petrol Tank 01,PETROL_92,2025-10-16,4010.0,15,267.3333333333333,457.1593954725305,14627951.29,3,0,1016093.9099999983,-1012083.9099999983,434.00099999999975
STATION_01,Petrol Tank 01,PETROL_92,2025-10-17,3608.0,18,200.44444444444446,359.8678242319503,15542182.42,4,0,914231.1300000008,-910623.1300000008,-402.0
STATION_01,Petrol Tank 01,PETROL_92,2025-10-18,3304.0,11,300.3636363636364,459.7190604978811,16379382.97,5,1,837200.5500000007,-833896.5500000007,-304.0
STATION_01,Petrol Tank 01,PETROL_92,2025-10-19,2917.001,9,324.11122222222224,404.9332747344857,17118521.61,6,1,739138.6399999987,-736221.6389999987,-386.9989999999998
STATION_01,Petrol Tank 01,PETROL_92,2025-10-20,2744.998,14,196.07128571428572,335.8720557456889,17814077.16,0,0,695555.5500000007,-692810.5520000007,-172.00300000000016
STATION_01,Petrol Tank 01,PETROL_92,2025-10-21,3333.0,10,333.3,446.2769405756425,18658626.03,1,0,844548.870000001,-841215.870000001,588.002
STATION_01,Petrol Tank 01,PETROL_92,2025-10-22,3999.9990000000003,15,266.6666,377.04862930695975,19672186.04,2,0,1013560.0099999979,-1009560.010999998,666.9990000000003
STATION_01,Petrol Tank 01,PETROL_92,2025-10-23,3870.0009999999997,17,227.64711764705882,349.9935012383948,20652805.33,3,0,980619.2899999991,-976749.2889999991,-129.9980000000005
STATION_01,Petrol Tank 01,PETROL_92,2025-10-24,2767.0,14,197.64285714285714,304.73912232643465,21353935.46,4,0,701130.1300000027,-698363.1300000027,-1103.0009999999997
STATION_01,Petrol Tank 01,PETROL_92,2025-10-25,3417.9990000000003,9,379.7776666666667,639.7929228215173,22220022.49,5,1,866087.0299999975,-862669.0309999975,650.9990000000003
STATION_01,Petrol Tank 01,PETROL_92,2025-10-26,2796.0,7,399.42857142857144,520.1035787981266,22928500.92,6,1,708478.4300000034,-705682.4300000034,-621.9990000000003
STATION_01,Petrol Tank 01,PETROL_92,2025-10-27,3288.0,15,219.2,380.9915379221509,23761647.24,0,0,833146.3199999966,-829858.3199999966,492.0
STATION_01,Petrol Tank 01,PETROL_92,2025-10-28,2692.001,16,168.2500625,323.48449165783694,24443773.12,1,0,682125.8800000027,-679433.8790000026,-595.9989999999998
STATION_01,Petrol Tank 01,PETROL_92,2025-10-29,2778.0,16,173.625,312.90163725703536,25147690.55,2,0,703917.4299999997,-701139.4299999997,85.9989999999998
STATION_01,Petrol Tank 01,PETROL_92,2025-10-30,3777.0,15,251.8,445.1156993347749,26104744.57,3,0,957054.0199999996,-953277.0199999996,999.0
STATION_01,Petrol Tank 01,PETROL_92,2025-10-31,3250.0,22,147.72727272727272,345.2902560928761,26928262.07,4,0,823517.5,-820267.5,-527.0
STATION_01,Petrol Tank 01,PETROL_92,2025-11-01,4282.001,15,285.46673333333337,449.75352556602235,1066873.15,5,1,-25861388.92,-25857106.919000003,1032.0010000000002
STATION_01,Petrol Tank 01,PETROL_92,2025-11-02,2746.0,8,343.25,517.7223838023618,1751047.29,6,1,684174.1400000001,-681428.1400000001,-1536.0010000000002
STATION_01,Petrol Tank 01,PETROL_92,2025-11-03,3215.0020000000004,13,247.30784615384619,392.3929750723642,2552074.18,0,0,801026.8900000001,-797811.8880000002,469.0020000000004
STATION_01,Petrol Tank 01,PETROL_92,2025-11-04,3207.0,10,320.7,467.29944778648684,3351107.86,1,0,799033.6799999997,-795826.6799999997,-8.002000000000407
STATION_01,Petrol Tank 01,PETROL_92,2025-11-05,2561.0,6,426.8333333333333,455.4558681306749,3989188.69,2,0,638080.8300000001,-635519.8300000001,-646.0
STATION_01,Petrol Tank 01,PETROL_92,2025-11-06,2865.0,17,168.52941176470588,312.9042651081675,4703012.03,3,0,713823.3400000003,-710958.3400000003,304.0
STATION_01,Petrol Tank 01,PETROL_92,2025-11-07,3564.001,18,198.00005555555558,420.81527514316815,5590993.31,4,0,887981.2799999993,-884417.2789999993,699.0010000000002
STATION_01,Petrol Tank 01,PETROL_92,2025-11-08,3169.001,12,264.08341666666666,505.71832954529475,6380559.18,5,1,789565.8700000001,-786396.8690000001,-395.0
STATION_01,Petrol Tank 01,PETROL_92,2025-11-09,2913.0,8,364.125,568.0147588266146,7106341.87,6,1,725782.6900000004,-722869.6900000004,-256.0010000000002
STATION_01,Petrol Tank 01,PETROL_92,2025-11-10,3144.0009999999997,16,196.50006249999998,403.8259804059943,7889678.89,0,0,783337.0199999996,-780193.0189999995,231.00099999999975
STATION_01,Petrol Tank 01,PETROL_92,2025-11-11,3450.999,14,246.49992857142857,469.2980551801995,8749505.89,1,0,859827.0000000009,-856376.001000001,306.99800000000005
STATION_01,Petrol Tank 01,PETROL_92,2025-11-12,3033.0,11,275.72727272727275,464.54399740866114,9505186.93,2,0,755681.0399999991,-752648.0399999991,-417.9989999999998
STATION_01,Petrol Tank 01,PETROL_92,2025-11-13,4051.0,25,162.04,339.6066597756881,10514505.73,3,0,1009318.8000000007,-1005267.8000000007,1018.0
STATION_01,Petrol Tank 01,PETROL_92,2025-11-14,1721.0,8,215.125,290.2747116887725,10943298.04,4,0,428792.30999999866,-427071.30999999866,-2330.0
STATION_01,Petrol Tank 01,PETROL_92,2025-11-15,3261.0,11,296.45454545454544,456.1084672288739,11755785.98,5,1,812487.9400000013,-809226.9400000013,1540.0
STATION_01,Petrol Tank 01,PETROL_92,2025-11-16,2613.0,9,290.3333333333333,464.8190747589324,12406822.77,6,1,651036.7899999991,-648423.7899999991,-648.0
STATION_01,Petrol Tank 01,PETROL_92,2025-11-17,3367.999,15,224.53326666666666,377.37323908934104,13245970.07,0,0,839147.3000000007,-835779.3010000008,754.9989999999998
STATION_01,Petrol Tank 01,PETROL_92,2025-11-18,3179.999,14,227.1427857142857,367.0840186440615,14038276.6,1,0,792306.5299999993,-789126.5309999994,-188.0
STATION_01,Petrol Tank 01,PETROL_92,2025-11-19,2922.0,15,194.8,440.531442598758,14766301.66,2,0,728025.0600000005,-725103.0600000005,-257.9989999999998
STATION_01,Petrol Tank 01,PETROL_92,2025-11-20,3270.0,15,218.0,503.1373365766335,15581031.97,3,0,814730.3100000005,-811460.3100000005,348.0
STATION_01,Petrol Tank 01,PETROL_92,2025-11-21,3448.999,12,287.41658333333334,509.7313366565957,16440360.67,4,0,859328.6999999993,-855879.7009999993,178.9989999999998
STATION_01,Petrol Tank 01,PETROL_92,2025-11-22,1208.001,10,120.8001,170.5660135258487,16741337.49,5,1,300976.8200000003,-299768.8190000003,-2240.9979999999996
STATION_01,Petrol Tank 01,PETROL_92,2025-11-23,2927.0,9,325.22222222222223,479.6632739734662,17470608.32,6,1,729270.8300000001,-726343.8300000001,1718.999
STATION_01,Petrol Tank 01,PETROL_92,2025-11-24,3980.0,18,221.11111111111111,330.28427206180845,18462237.26,0,0,991628.9400000013,-987648.9400000013,1053.0
STATION_01,Petrol Tank 01,PETROL_92,2025-11-25,2800.002,15,186.6668,304.8374849086922,19159865.66,1,0,697628.3999999985,-694828.3979999985,-1179.998
STATION_01,Petrol Tank 01,PETROL_92,2025-11-26,3343.0,14,238.78571428571428,383.0533881449121,19992784.14,2,0,832918.4800000004,-829575.4800000004,542.998
STATION_01,Petrol Tank 01,PETROL_92,2025-11-27,3617.999,9,401.99988888888885,638.6628846074516,20894219.7,3,0,901435.5599999987,-897817.5609999987,274.9989999999998
STATION_01,Petrol Tank 01,PETROL_92,2025-11-28,2776.001,12,231.3334166666667,340.1928805437127,21585868.43,4,0,691648.7300000004,-688872.7290000004,-841.9979999999996
STATION_01,Petrol Tank 01,PETROL_92,2025-11-29,2627.0,6,437.8333333333333,606.1806958327415,22240393.36,5,1,654524.9299999997,-651897.9299999997,-149.0010000000002
STATION_01,Petrol Tank 01,PETROL_92,2025-11-30,1554.744,6,259.12399999999997,307.94368102041,22627762.39,6,1,387369.0300000012,-385814.2860000012,-1072.256
STATION_01,Petrol Tank 01,PETROL_92,2025-12-01,2855.0,6,475.8333333333333,738.2953117295724,711331.81,0,0,-21916430.580000002,-21913575.580000002,1300.256
STATION_01,Petrol Tank 01,PETROL_92,2025-12-02,657.0,7,93.85714285714286,150.08567665662233,875025.34,1,0,163693.5299999999,-163036.5299999999,-2198.0
STATION_01,Petrol Tank 01,PETROL_92,2025-12-03,97.0,4,24.25,39.21203046685205,899193.18,2,0,24167.840000000084,-24070.840000000084,-560.0
STATION_01,Petrol Tank 01,PETROL_92,2025-12-04,1661.0,7,237.28571428571428,378.352713127453,1313036.32,3,0,413843.14,-412182.14,1564.0
STATION_01,Petrol Tank 01,PETROL_92,2025-12-05,3271.0,12,272.5833333333333,386.445338698604,2128015.78,4,0,814979.4599999997,-811708.4599999997,1610.0
STATION_01,Petrol Tank 01,PETROL_92,2025-12-06,3776.0,8,472.0,659.0639734068743,3068817.51,5,1,940801.73,-937025.73,505.0
STATION_01,Petrol Tank 01,PETROL_92,2025-12-07,3547.0,13,272.84615384615387,624.7278260969393,3952563.19,6,1,883745.6800000002,-880198.6800000002,-229.0
STATION_01,Petrol Tank 01,PETROL_92,2025-12-08,2965.0,11,269.54545454545456,516.917335359023,4691301.84,0,0,738738.6499999999,-735773.6499999999,-582.0
STATION_01,Petrol Tank 01,PETROL_92,2025-12-09,3015.001,8,376.875125,554.6071523649968,5442498.14,1,0,751196.2999999998,-748181.2989999998,50.001000000000204
STATION_01,Petrol Tank 01,PETROL_92,2025-12-10,3683.0,19,193.8421052631579,464.24387782882377,6360128.64,2,0,917630.5,-913947.5,667.9989999999998
STATION_01,Petrol Tank 01,PETROL_92,2025-12-11,3330.0,8,416.25,521.01291724678,7189808.12,3,0,829679.4800000004,-826349.4800000004,-353.0
STATION_01,Petrol Tank 01,PETROL_92,2025-12-12,3155.001,13,242.69238461538464,559.9596270120045,7975885.84,4,0,786077.7199999997,-782922.7189999997,-174.9989999999998
STATION_01,Petrol Tank 01,PETROL_92,2025-12-13,4237.999,16,264.8749375,501.8192844966494,9031796.25,5,1,1055910.4100000001,-1051672.411,1082.9979999999996
STATION_01,Petrol Tank 01,PETROL_92,2025-12-14,2967.001,12,247.25008333333335,408.3160416434261,9771033.2,6,1,739236.9499999993,-736269.9489999992,-1270.9979999999996
STATION_01,Petrol Tank 01,PETROL_92,2025-12-15,4510.0,16,281.875,621.4246934018635,10894713.23,0,0,1123680.0300000012,-1119170.0300000012,1542.9989999999998
STATION_01,Petrol Tank 01,PETROL_92,2025-12-16,2255.0,15,150.33333333333334,226.1544404717609,11456553.23,1,0,561840.0,-559585.0,-2255.0
STATION_01,Petrol Tank 01,PETROL_92,2025-12-17,2379.0,11,216.27272727272728,380.19491520536957,12049288.22,2,0,592734.9900000002,-590355.9900000002,124.0
STATION_01,Petrol Tank 01,PETROL_92,2025-12-18,1472.0,7,210.28571428571428,247.42157669499662,12416041.43,3,0,366753.20999999903,-365281.20999999903,-907.0
STATION_01,Petrol Tank 01,PETROL_92,2025-12-19,3071.001,13,236.23084615384616,528.7859214180861,13181190.29,4,0,765148.8599999994,-762077.8589999994,1599.0010000000002
STATION_01,Petrol Tank 01,PETROL_92,2025-12-20,2072.999,4,518.24975,776.204840357825,13697684.46,5,1,516494.1700000018,-514421.1710000018,-998.0020000000004
STATION_01,Petrol Tank 01,PETROL_92,2025-12-21,1130.999,8,141.374875,193.7187722538876,13979476.5,6,1,281792.0399999991,-280661.0409999991,-941.9999999999998
STATION_01,Petrol Tank 01,PETROL_92,2025-12-22,3148.0,21,149.9047619047619,386.70298572430295,14763810.17,0,0,784333.6699999999,-781185.6699999999,2017.001
STATION_01,Petrol Tank 01,PETROL_92,2025-12-23,4002.0,16,250.125,576.4029028897525,15760920.48,1,0,997110.3100000005,-993108.3100000005,854.0
STATION_01,Petrol Tank 01,PETROL_92,2025-12-24,3374.999,15,224.99993333333333,502.5962478331129,16601811.86,2,0,840891.379999999,-837516.380999999,-627.0010000000002
STATION_01,Petrol Tank 01,PETROL_92,2025-12-25,3020.0,8,377.5,686.702519882622,17354253.92,3,0,752442.0600000024,-749422.0600000024,-354.9989999999998
STATION_01,Petrol Tank 01,PETROL_92,2025-12-26,3629.999,10,362.99989999999997,720.8317012706688,18258679.31,4,0,904425.3899999969,-900795.3909999969,609.9989999999998
STATION_01,Petrol Tank 01,PETROL_92,2025-12-27,2898.0,13,222.92307692307693,347.62318423005615,18980724.71,5,1,722045.4000000022,-719147.4000000022,-731.9989999999998
STATION_01,Petrol Tank 01,PETROL_92,2025-12-28,3036.0,13,233.53846153846155,519.7274365752712,19737153.22,6,1,756428.5099999979,-753392.5099999979,138.0
STATION_01,Petrol Tank 01,PETROL_92,2025-12-29,3135.0,17,184.41176470588235,364.4901150610139,20518247.87,0,0,781094.6500000022,-777959.6500000022,99.0
STATION_01,Petrol Tank 01,PETROL_92,2025-12-30,2698.0,10,269.8,391.75761692715616,21190462.66,1,0,672214.7899999991,-669516.7899999991,-437.0
STATION_01,Petrol Tank 01,PETROL_92,2025-12-31,3725.0,18,206.94444444444446,422.90018418899393,22118557.59,2,0,928094.9299999997,-924369.9299999997,1027.0
STATION_01,Petrol Tank 02,PETROL_92,2025-10-01,3311.4300000000003,15,220.76200000000003,477.78439922745787,839083.25,2,0,0.0,3311.4300000000003,0.0
STATION_01,Petrol Tank 02,PETROL_92,2025-10-02,3453.74,11,313.9763636363636,509.79858424132027,1714226.43,3,0,875143.1799999999,-871689.44,142.3099999999995
STATION_01,Petrol Tank 02,PETROL_92,2025-10-03,4085.64,12,340.46999999999997,501.5890765375759,2749486.75,4,0,1035260.3200000001,-1031174.68,631.9000000000001
STATION_01,Petrol Tank 02,PETROL_92,2025-10-04,3163.589,12,263.63241666666664,389.534586532665,3551108.82,5,1,801622.0699999998,-798458.4809999998,-922.0509999999999
STATION_01,Petrol Tank 02,PETROL_92,2025-10-05,2795.56,6,465.9266666666667,432.7200712588528,4259475.76,6,1,708366.94,-705571.3799999999,-368.029
STATION_01,Petrol Tank 02,PETROL_92,2025-10-06,3960.471,9,440.0523333333333,536.5280370714563,5263019.25,0,0,1003543.4900000002,-999583.0190000002,1164.911
STATION_01,Petrol Tank 02,PETROL_92,2025-10-07,4190.871,15,279.39140000000003,514.7535825392296,6324943.81,1,0,1061924.5599999996,-1057733.6889999995,230.4000000000001
STATION_01,Petrol Tank 02,PETROL_92,2025-10-08,3846.6389999999997,13,295.89530769230765,441.1643230753866,7299643.92,2,0,974700.1100000003,-970853.4710000004,-344.2320000000004
STATION_01,Petrol Tank 02,PETROL_92,2025-10-09,2468.3,7,352.61428571428576,279.7990637217563,7925086.46,3,0,625442.54,-622974.24,-1378.3389999999995
STATION_01,Petrol Tank 02,PETROL_92,2025-10-10,3805.6589999999997,12,317.13824999999997,486.10060180829475,8889402.64,4,0,964316.1800000006,-960510.5210000006,1337.3589999999995
STATION_01,Petrol Tank 02,PETROL_92,2025-10-11,3375.83,9,375.09222222222223,549.070539805401,9744804.21,5,1,855401.5700000003,-852025.7400000003,-429.8289999999997
STATION_01,Petrol Tank 02,PETROL_92,2025-10-12,3185.739,9,353.971,480.80068134415114,10552038.87,6,1,807234.6599999983,-804048.9209999983,-190.0909999999999
STATION_01,Petrol Tank 02,PETROL_92,2025-10-13,3878.24,15,258.5493333333333,378.1644579708423,11534746.1,0,0,982707.2300000004,-978828.9900000005,692.5009999999997
STATION_01,Petrol Tank 02,PETROL_92,2025-10-14,3740.61,12,311.71750000000003,497.00598291048584,12482579.26,1,0,947833.1600000001,-944092.5500000002,-137.62999999999965
STATION_01,Petrol Tank 02,PETROL_92,2025-10-15,3971.56,14,283.68285714285713,424.01991278727917,13488932.85,2,0,1006353.5899999999,-1002382.0299999998,230.94999999999982
STATION_01,Petrol Tank 02,PETROL_92,2025-10-16,3549.551,13,273.0423846153846,314.38333529666676,14388353.32,3,0,899420.4700000007,-895870.9190000007,-422.009
STATION_01,Petrol Tank 02,PETROL_92,2025-10-17,3377.84,12,281.4866666666667,400.99573198733754,15244264.21,4,0,855910.8900000006,-852533.0500000006,-171.71099999999979
STATION_01,Petrol Tank 02,PETROL_92,2025-10-18,4135.27,16,258.454375,421.1327564460523,16292100.27,5,1,1047836.0599999987,-1043700.7899999986,757.4300000000003
STATION_01,Petrol Tank 02,PETROL_92,2025-10-19,2656.299,10,265.6299,400.27993031778533,16965180.13,6,1,673079.8599999994,-670423.5609999994,-1478.9710000000005
STATION_01,Petrol Tank 02,PETROL_92,2025-10-20,3195.99,12,266.3325,331.22459126248464,17775012.03,0,0,809831.9000000022,-806635.9100000022,539.6909999999998
STATION_01,Petrol Tank 02,PETROL_92,2025-10-21,3787.409,11,344.3099090909091,428.1036419215456,18734703.85,1,0,959691.8200000003,-955904.4110000003,591.4190000000003
STATION_01,Petrol Tank 02,PETROL_92,2025-10-22,3238.9309999999996,10,323.89309999999995,573.5491005292204,19555416.33,2,0,820712.4799999967,-817473.5489999967,-548.4780000000005
STATION_01,Petrol Tank 02,PETROL_92,2025-10-23,2859.9190000000003,12,238.32658333333336,397.67528391697533,20280091.46,3,0,724675.1300000027,-721815.2110000027,-379.01199999999926
STATION_01,Petrol Tank 02,PETROL_92,2025-10-24,4604.6,21,219.26666666666668,354.5683695003452,21446851.05,4,0,1166759.5899999999,-1162154.9899999998,1744.681
STATION_01,Petrol Tank 02,PETROL_92,2025-10-25,3557.02,10,355.702,498.41434311089677,22348164.36,5,1,901313.3099999987,-897756.2899999986,-1047.5800000000004
STATION_01,Petrol Tank 02,PETROL_92,2025-10-26,3817.3,11,347.02727272727276,409.72253387825543,23315430.0,6,1,967265.6400000006,-963448.3400000005,260.2800000000002
STATION_01,Petrol Tank 02,PETROL_92,2025-10-27,4017.1099999999997,14,286.93642857142856,422.521263134443,24333325.51,0,0,1017895.5100000016,-1013878.4000000017,199.8099999999995
STATION_01,Petrol Tank 02,PETROL_92,2025-10-28,4341.369000000001,14,310.09778571428575,408.9445676128092,25433385.25,1,0,1100059.7399999984,-1095718.3709999984,324.2590000000009
STATION_01,Petrol Tank 02,PETROL_92,2025-10-29,4620.99,14,330.07071428571425,459.2682380998023,26604297.91,2,0,1170912.6600000001,-1166291.6700000002,279.6209999999992
STATION_01,Petrol Tank 02,PETROL_92,2025-10-30,3889.939,11,353.63081818181814,434.9559351306333,27589969.81,3,0,985671.8999999985,-981781.9609999985,-731.0509999999999
STATION_01,Petrol Tank 02,PETROL_92,2025-10-31,4318.18,14,308.4414285714286,444.994389118078,28684153.43,4,0,1094183.620000001,-1089865.440000001,428.24100000000044
STATION_01,Petrol Tank 02,PETROL_92,2025-11-01,3338.02,10,333.802,251.60264886567114,831677.7,5,1,-27852475.73,-27849137.71,-980.1600000000003
STATION_01,Petrol Tank 02,PETROL_92,2025-11-02,4124.65,10,412.465,378.0091550349306,1859346.62,6,1,1027668.9200000002,-1023544.2700000001,786.6299999999997
STATION_01,Petrol Tank 02,PETROL_92,2025-11-03,4554.941,18,253.05227777777776,475.1410662044058,2994223.58,0,0,1134876.96,-1130322.0189999999,430.29100000000017
STATION_01,Petrol Tank 02,PETROL_92,2025-11-04,4284.649,14,306.0463571428572,468.92719905408427,4061756.97,1,0,1067533.3900000001,-1063248.7410000002,-270.29199999999946
STATION_01,Petrol Tank 02,PETROL_92,2025-11-05,3344.75,16,209.046875,346.2220837737679,4895111.47,2,0,833354.4999999995,-830009.7499999995,-939.8990000000003
STATION_01,Petrol Tank 02,PETROL_92,2025-11-06,4086.67,12,340.55583333333334,472.89234712887946,5913317.56,3,0,1018206.0899999999,-1014119.4199999998,741.9200000000001
STATION_01,Petrol Tank 02,PETROL_92,2025-11-07,3677.06,14,262.64714285714285,372.5530202629619,6829468.09,4,0,916150.5300000003,-912473.4700000002,-409.6100000000001
STATION_01,Petrol Tank 02,PETROL_92,2025-11-08,3268.081,13,251.39084615384616,323.8382131586816,7643720.03,5,1,814251.9400000004,-810983.8590000004,-408.9789999999998
STATION_01,Petrol Tank 02,PETROL_92,2025-11-09,3221.5099999999998,11,292.8645454545454,433.268454578305,8446368.91,6,1,802648.8799999999,-799427.3699999999,-46.57100000000037
STATION_01,Petrol Tank 02,PETROL_92,2025-11-10,3953.62,15,263.57466666666664,392.63034014627675,9431425.2,0,0,985056.2899999991,-981102.6699999991,732.1100000000001
STATION_01,Petrol Tank 02,PETROL_92,2025-11-11,3544.73,12,295.39416666666665,400.9477929687544,10314605.31,1,0,883180.1100000013,-879635.3800000013,-408.8899999999999
STATION_01,Petrol Tank 02,PETROL_92,2025-11-12,4003.63,16,250.226875,384.4104700431341,11312121.73,2,0,997516.4199999999,-993512.7899999999,458.9000000000001
STATION_01,Petrol Tank 02,PETROL_92,2025-11-13,3629.511,11,329.9555454545455,449.0215304199485,12216425.04,3,0,904303.3099999987,-900673.7989999986,-374.11900000000014
STATION_01,Petrol Tank 02,PETROL_92,2025-11-14,5148.501,18,286.0278333333333,433.21272926823076,13499189.25,4,0,1282764.210000001,-1277615.709000001,1518.9900000000002
STATION_01,Petrol Tank 02,PETROL_92,2025-11-15,3494.3810000000003,12,291.1984166666667,425.064981706318,14369824.52,5,1,870635.2699999996,-867140.8889999995,-1654.12
STATION_01,Petrol Tank 02,PETROL_92,2025-11-16,3888.3199999999997,12,324.02666666666664,570.619010922243,15338611.11,6,1,968786.5899999999,-964898.2699999999,393.9389999999994
STATION_01,Petrol Tank 02,PETROL_92,2025-11-17,3535.41,16,220.963125,332.9789313474903,16219469.13,0,0,880858.0200000014,-877322.6100000014,-352.90999999999985
STATION_01,Petrol Tank 02,PETROL_92,2025-11-18,3875.151,14,276.7965,392.56539070693003,17184974.45,1,0,965505.3199999984,-961630.1689999985,339.741
STATION_01,Petrol Tank 02,PETROL_92,2025-11-19,4157.481,15,277.1654,423.3500666825438,18220823.06,2,0,1035848.6099999994,-1031691.1289999994,282.3299999999999
STATION_01,Petrol Tank 02,PETROL_92,2025-11-20,3636.16,14,259.7257142857143,360.7925471497924,19126783.23,3,0,905960.1700000018,-902324.0100000018,-521.3209999999999
STATION_01,Petrol Tank 02,PETROL_92,2025-11-21,4218.519,16,263.6574375,400.15300956025453,20177840.13,4,0,1051056.8999999985,-1046838.3809999985,582.3590000000004
STATION_01,Petrol Tank 02,PETROL_92,2025-11-22,4045.3199999999997,15,269.688,403.9367528646745,21185743.75,5,1,1007903.620000001,-1003858.3000000011,-173.19900000000052
STATION_01,Petrol Tank 02,PETROL_92,2025-11-23,3758.6400000000003,12,313.22,457.864555054122,22122220.18,6,1,936476.4299999997,-932717.7899999997,-286.6799999999994
STATION_01,Petrol Tank 02,PETROL_92,2025-11-24,3097.23,11,281.56636363636363,378.5515888890899,22893904.33,0,0,771684.1499999985,-768586.9199999985,-661.4100000000003
STATION_01,Petrol Tank 02,PETROL_92,2025-11-25,4437.541,13,341.3493076923077,559.2030468050618,23999530.72,1,0,1105626.3900000006,-1101188.8490000006,1340.3110000000001
STATION_01,Petrol Tank 02,PETROL_92,2025-11-26,3319.9,12,276.65833333333336,397.7539685199047,24826693.77,2,0,827163.0500000007,-823843.1500000007,-1117.641
STATION_01,Petrol Tank 02,PETROL_92,2025-11-27,3104.319,9,344.9243333333333,433.78136141378866,25600144.41,3,0,773450.6400000006,-770346.3210000006,-215.58100000000013
STATION_01,Petrol Tank 02,PETROL_92,2025-11-28,4686.870000000001,12,390.57250000000005,651.5977456555261,26767892.13,4,0,1167747.7199999988,-1163060.8499999987,1582.5510000000008
STATION_01,Petrol Tank 02,PETROL_92,2025-11-29,4081.5209999999997,16,255.09506249999998,563.1926134930474,27784815.08,5,1,1016922.9499999993,-1012841.4289999993,-605.3490000000011
STATION_01,Petrol Tank 02,PETROL_92,2025-11-30,937.58,3,312.5266666666667,406.29884095863895,28018415.95,6,1,233600.87000000104,-232663.29000000106,-3143.941
STATION_01,Petrol Tank 02,PETROL_92,2025-12-01,1336.3700000000001,8,167.04625000000001,389.6581115258973,332960.59,0,0,-27685455.36,-27684118.99,398.7900000000001
STATION_01,Petrol Tank 02,PETROL_92,2025-12-02,5118.82,11,465.3472727272727,647.379220712264,1608329.96,1,0,1275369.3699999999,-1270250.5499999998,3782.45
STATION_01,Petrol Tank 02,PETROL_92,2025-12-03,6113.4310000000005,18,339.6350555555556,543.248876717874,3131509.38,2,0,1523179.42,-1517065.9889999998,994.6110000000008
STATION_01,Petrol Tank 02,PETROL_92,2025-12-04,4505.562,11,409.59654545454543,557.5489270380427,4254083.17,3,0,1122573.79,-1118068.2280000001,-1607.8690000000006
STATION_01,Petrol Tank 02,PETROL_92,2025-12-05,3188.4,13,245.26153846153846,406.64748620183207,5048482.59,4,0,794399.4199999999,-791211.0199999999,-1317.1619999999998
STATION_01,Petrol Tank 02,PETROL_92,2025-12-06,3258.5299999999997,9,362.0588888888889,588.9388762459658,5860355.13,5,1,811872.54,-808614.01,70.12999999999965
STATION_01,Petrol Tank 02,PETROL_92,2025-12-07,3084.27,7,440.61,766.4944981028891,6628810.24,6,1,768455.1100000003,-765370.8400000003,-174.25999999999976
STATION_01,Petrol Tank 02,PETROL_92,2025-12-08,3080.08,15,205.33866666666665,511.55548950008017,7396221.41,0,0,767411.1699999999,-764331.09,-4.190000000000055
STATION_01,Petrol Tank 02,PETROL_92,2025-12-09,3159.8599999999997,13,243.0661538461538,487.73280767732626,8183510.01,1,0,787288.5999999996,-784128.7399999996,79.77999999999975
STATION_01,Petrol Tank 02,PETROL_92,2025-12-10,4023.572,13,309.5055384615385,589.0480687447638,9185994.58,2,0,1002484.5700000003,-998460.9980000003,863.7120000000004
STATION_01,Petrol Tank 02,PETROL_92,2025-12-11,3718.83,9,413.2033333333333,663.9192692886313,10112552.23,3,0,926557.6500000004,-922838.8200000004,-304.7420000000002
STATION_01,Petrol Tank 02,PETROL_92,2025-12-12,3796.3999999999996,14,271.1714285714285,641.1630826163573,11058436.68,4,0,945884.4499999993,-942088.0499999992,77.56999999999971
STATION_01,Petrol Tank 02,PETROL_92,2025-12-13,3248.66,9,360.9622222222222,466.9489888076046,11867850.06,5,1,809413.3800000008,-806164.7200000008,-547.7399999999998
STATION_01,Petrol Tank 02,PETROL_92,2025-12-14,3828.901,8,478.612625,573.2390717909034,12821831.98,6,1,953981.9199999999,-950153.019,580.241
STATION_01,Petrol Tank 02,PETROL_92,2025-12-15,3865.869,14,276.1335,485.1233732643132,13785025.09,0,0,963193.1099999994,-959327.2409999995,36.9680000000003
STATION_01,Petrol Tank 02,PETROL_92,2025-12-16,3810.451,13,293.1116153846154,472.27804508547337,14734410.14,1,0,949385.0500000007,-945574.5990000007,-55.41800000000012
STATION_01,Petrol Tank 02,PETROL_92,2025-12-17,5168.5599999999995,14,369.18285714285713,559.6154283491829,16022172.36,2,0,1287762.2199999988,-1282593.6599999988,1358.1089999999995
STATION_01,Petrol Tank 02,PETROL_92,2025-12-18,3970.19,15,264.6793333333333,502.18699697390286,17011357.12,3,0,989184.7600000016,-985214.5700000017,-1198.3699999999994
STATION_01,Petrol Tank 02,PETROL_92,2025-12-19,4267.360000000001,11,387.94181818181823,623.96026310957,18074582.66,4,0,1063225.539999999,-1058958.179999999,297.1700000000005
STATION_01,Petrol Tank 02,PETROL_92,2025-12-20,4730.609,17,278.2711176470589,451.5602524905844,19253228.33,5,1,1178645.669999998,-1173915.0609999981,463.2489999999998
STATION_01,Petrol Tank 02,PETROL_92,2025-12-21,5763.719999999999,10,576.372,616.6506817189488,20689276.46,6,1,1436048.1300000027,-1430284.4100000027,1033.110999999999
STATION_01,Petrol Tank 02,PETROL_92,2025-12-22,4077.9610000000002,13,313.6893076923077,573.8568760536587,21705312.43,0,0,1016035.9699999988,-1011958.0089999988,-1685.758999999999
STATION_01,Petrol Tank 02,PETROL_92,2025-12-23,3519.1200000000003,10,351.91200000000003,441.35564810680484,22582111.73,1,0,876799.3000000007,-873280.1800000007,-558.8409999999999
STATION_01,Petrol Tank 02,PETROL_92,2025-12-24,4458.67,12,371.55583333333334,664.2592063943157,23693002.73,2,0,1110891.0,-1106432.33,939.5499999999997
STATION_01,Petrol Tank 02,PETROL_92,2025-12-25,2827.7400000000002,6,471.29,642.4693030372736,24397542.64,3,0,704539.9100000001,-701712.1700000002,-1630.9299999999998
STATION_01,Petrol Tank 02,PETROL_92,2025-12-26,3271.33,15,218.08866666666665,396.719593794744,25212604.33,4,0,815061.6899999976,-811790.3599999977,443.5899999999997
STATION_01,Petrol Tank 02,PETROL_92,2025-12-27,3844.19,10,384.419,624.3801847014188,26170395.8,5,1,957791.4700000025,-953947.2800000026,572.8600000000001
STATION_01,Petrol Tank 02,PETROL_92,2025-12-28,3158.55,7,451.2214285714286,421.5956390452259,26957358.0,6,1,786962.1999999993,-783803.6499999992,-685.6399999999999
STATION_01,Petrol Tank 02,PETROL_92,2025-12-29,4038.7110000000002,9,448.7456666666667,693.3352764680303,27963614.71,0,0,1006256.7100000009,-1002217.9990000009,880.1610000000001
STATION_01,Petrol Tank 02,PETROL_92,2025-12-30,4420.731,19,232.67005263157893,516.9539529349327,29065052.86,1,0,1101438.1499999985,-1097017.4189999986,382.0199999999995
STATION_01,Petrol Tank 02,PETROL_92,2025-12-31,4967.962,16,310.497625,594.8523352821691,30302835.0,2,0,1237782.1400000006,-1232814.1780000005,547.2310000000007
STATION_01,Petrol Tank 03,PETROL_95,2025-10-01,557.98,6,92.99666666666667,115.50614507577797,158409.41,2,0,0.0,557.98,0.0
STATION_01,Petrol Tank 03,PETROL_95,2025-10-02,541.66,5,108.332,192.4378210240908,312185.6,3,0,153776.18999999997,-153234.52999999997,-16.32000000000005
STATION_01,Petrol Tank 03,PETROL_95,2025-10-03,514.0,4,128.5,97.914077979965,458109.18,4,0,145923.58000000002,-145409.58000000002,-27.659999999999968
STATION_01,Petrol Tank 03,PETROL_95,2025-10-04,327.9,4,81.975,93.0175745043197,551199.34,5,1,93090.15999999997,-92762.25999999998,-186.10000000000002
STATION_01,Petrol Tank 03,PETROL_95,2025-10-05,592.49,3,197.49666666666667,195.229557273824,719406.06,6,1,168206.7200000001,-167614.2300000001,264.59000000000003
STATION_01,Petrol Tank 03,PETROL_95,2025-10-06,511.42,5,102.284,113.45458830739284,864597.18,0,0,145191.12,-144679.69999999998,-81.07
STATION_01,Petrol Tank 03,PETROL_95,2025-10-07,460.64,4,115.16,139.40653643212,995371.95,1,0,130774.7699999999,-130314.1299999999,-50.78000000000003
STATION_01,Petrol Tank 03,PETROL_95,2025-10-08,332.41,4,83.1025,86.50343437305442,1089742.48,2,0,94370.53000000003,-94038.12000000002,-128.22999999999996
STATION_01,Petrol Tank 03,PETROL_95,2025-10-09,941.89,7,134.5557142857143,102.62361763050174,1357143.16,3,0,267400.67999999993,-266458.7899999999,609.48
STATION_01,Petrol Tank 03,PETROL_95,2025-10-10,541.75,6,90.29166666666667,98.61026527023779,1510944.9,4,0,153801.74,-153259.99,-400.14
STATION_01,Petrol Tank 03,PETROL_95,2025-10-11,489.0,3,163.0,98.85342685005918,1649771.02,5,1,138826.1200000001,-138337.1200000001,-52.75
STATION_01,Petrol Tank 03,PETROL_95,2025-10-12,484.92,3,161.64000000000001,163.35381477027096,1787438.84,6,1,137667.82000000007,-137182.90000000005,-4.079999999999984
STATION_01,Petrol Tank 03,PETROL_95,2025-10-13,486.92,5,97.384,92.20910871492035,1925674.46,0,0,138235.61999999988,-137748.69999999987,2.0
STATION_01,Petrol Tank 03,PETROL_95,2025-10-14,463.0,2,231.5,159.0990257669732,2057119.24,1,0,131444.78000000003,-130981.78000000003,-23.920000000000016
STATION_01,Petrol Tank 03,PETROL_95,2025-10-15,495.97,3,165.32333333333335,154.6830424879642,2197924.12,2,0,140804.88000000012,-140308.91000000012,32.97000000000003
STATION_01,Petrol Tank 03,PETROL_95,2025-10-16,528.31,5,105.66199999999999,138.53013181254104,2347910.27,3,0,149986.1499999999,-149457.8399999999,32.33999999999992
STATION_01,Petrol Tank 03,PETROL_95,2025-10-17,857.75,5,171.55,196.73999771271727,2591423.78,4,0,243513.50999999978,-242655.75999999978,329.44000000000005
STATION_01,Petrol Tank 03,PETROL_95,2025-10-18,487.82,3,162.60666666666665,144.07270433129702,2729914.91,5,1,138491.13000000035,-138003.31000000035,-369.93
STATION_01,Petrol Tank 03,PETROL_95,2025-10-19,482.17999999999995,4,120.54499999999999,111.6112388307438,2866804.84,6,1,136889.9299999997,-136407.7499999997,-5.640000000000043
STATION_01,Petrol Tank 03,PETROL_95,2025-10-20,502.84000000000003,9,55.87111111111111,84.13853850115957,3009560.1,0,0,142755.26000000024,-142252.42000000025,20.660000000000082
STATION_01,Petrol Tank 03,PETROL_95,2025-10-21,538.88,4,134.72,152.6658713771134,3162547.06,1,0,152986.95999999996,-152448.07999999996,36.039999999999964
STATION_01,Petrol Tank 03,PETROL_95,2025-10-22,439.97,4,109.9925,126.44925289748981,3287453.67,2,0,124906.60999999987,-124466.63999999987,-98.90999999999997
STATION_01,Petrol Tank 03,PETROL_95,2025-10-23,485.0,3,161.66666666666666,137.62388358614697,3425144.19,3,0,137690.52000000002,-137205.52000000002,45.02999999999997
STATION_01,Petrol Tank 03,PETROL_95,2025-10-24,385.0,6,64.16666666666667,72.28492437753994,3534444.92,4,0,109300.72999999998,-108915.72999999998,-100.0
STATION_01,Petrol Tank 03,PETROL_95,2025-10-25,402.79,4,100.6975,125.0746401513912,3648796.19,5,1,114351.27000000002,-113948.48000000003,17.79000000000002
STATION_01,Petrol Tank 03,PETROL_95,2025-10-26,386.0,4,96.5,98.47915083914971,3758380.82,6,1,109584.62999999989,-109198.62999999989,-16.79000000000002
STATION_01,Petrol Tank 03,PETROL_95,2025-10-27,550.0,3,183.33333333333334,191.70898083640563,3914524.72,0,0,156143.90000000037,-155593.90000000037,164.0
STATION_01,Petrol Tank 03,PETROL_95,2025-10-28,645.77,4,161.4425,223.5052793373496,4097857.53,1,0,183332.8099999996,-182687.0399999996,95.76999999999998
STATION_01,Petrol Tank 03,PETROL_95,2025-10-29,470.0,4,117.5,125.25616312182008,4231289.58,2,0,133432.05000000028,-132962.05000000028,-175.76999999999998
STATION_01,Petrol Tank 03,PETROL_95,2025-10-30,589.09,6,98.18166666666667,134.10656008065627,4398531.05,3,0,167241.46999999974,-166652.37999999974,119.09000000000003
STATION_01,Petrol Tank 03,PETROL_95,2025-10-31,524.0,2,262.0,117.37972567696688,4547293.61,4,0,148762.56000000052,-148238.56000000052,-65.09000000000003
STATION_01,Petrol Tank 03,PETROL_95,2025-11-01,686.0,2,343.0,84.8528137423857,194754.03,5,1,-4352539.58,-4351853.58,162.0
STATION_01,Petrol Tank 03,PETROL_95,2025-11-02,815.0,4,203.75,217.30619012045346,426130.9,6,1,231376.87000000002,-230561.87000000002,129.0
STATION_01,Petrol Tank 03,PETROL_95,2025-11-03,460.92,5,92.184,100.43395510483495,556985.16,0,0,130854.26000000001,-130393.34000000001,-354.08
STATION_01,Petrol Tank 03,PETROL_95,2025-11-04,777.1,6,129.51666666666668,129.41626013243726,777602.29,1,0,220617.13,-219840.03,316.18
STATION_01,Petrol Tank 03,PETROL_95,2025-11-05,459.0,3,153.0,124.25377257854186,907911.48,2,0,130309.18999999994,-129850.18999999994,-318.1
STATION_01,Petrol Tank 03,PETROL_95,2025-11-06,451.28,8,56.41,80.76458895191276,1036028.97,3,0,128117.48999999999,-127666.20999999999,-7.720000000000027
STATION_01,Petrol Tank 03,PETROL_95,2025-11-07,417.0,3,139.0,134.02471676522953,1154414.43,4,0,118385.45999999996,-117968.45999999996,-34.27999999999997
STATION_01,Petrol Tank 03,PETROL_95,2025-11-08,708.98,7,101.28285714285714,102.8973494887479,1355692.43,5,1,201278.0,-200569.02,291.98
STATION_01,Petrol Tank 03,PETROL_95,2025-11-09,744.0,3,248.0,211.2983454833473,1566912.55,6,1,211220.1200000001,-210476.1200000001,35.01999999999998
STATION_01,Petrol Tank 03,PETROL_95,2025-11-10,531.45,7,75.92142857142858,102.08971494859662,1717790.16,0,0,150877.60999999987,-150346.15999999986,-212.54999999999995
STATION_01,Petrol Tank 03,PETROL_95,2025-11-11,476.94,3,158.98,194.86359639501677,1853192.47,1,0,135402.31000000006,-134925.37000000005,-54.51000000000005
STATION_01,Petrol Tank 03,PETROL_95,2025-11-12,557.971,7,79.71014285714286,80.36887729386414,2011599.04,2,0,158406.57000000007,-157848.59900000007,81.031
STATION_01,Petrol Tank 03,PETROL_95,2025-11-13,842.22,8,105.2775,99.41352688643532,2250703.6,3,0,239104.56000000006,-238262.34000000005,284.249
STATION_01,Petrol Tank 03,PETROL_95,2025-11-14,362.82,5,72.564,79.22468004353189,2353707.48,4,0,103003.87999999989,-102641.05999999988,-479.40000000000003
STATION_01,Petrol Tank 03,PETROL_95,2025-11-15,528.9,5,105.78,100.50843055435698,2503861.13,5,1,150153.6499999999,-149624.7499999999,166.07999999999998
STATION_01,Petrol Tank 03,PETROL_95,2025-11-16,304.0,5,60.8,67.54881571500718,2590166.12,6,1,86304.99000000022,-86000.99000000022,-224.89999999999998
STATION_01,Petrol Tank 03,PETROL_95,2025-11-17,577.3299999999999,5,115.46599999999998,112.97455388050886,2754068.95,0,0,163902.83000000007,-163325.5000000001,273.3299999999999
STATION_01,Petrol Tank 03,PETROL_95,2025-11-18,600.939,6,100.1565,97.99180114632041,2924674.62,1,0,170605.66999999993,-170004.7309999999,23.609000000000037
STATION_01,Petrol Tank 03,PETROL_95,2025-11-19,499.4,5,99.88,113.04011832973283,3066453.28,2,0,141778.65999999968,-141279.2599999997,-101.53899999999999
STATION_01,Petrol Tank 03,PETROL_95,2025-11-20,250.0,2,125.0,128.69343417595164,3137427.78,3,0,70974.5,-70724.5,-249.39999999999998
STATION_01,Petrol Tank 03,PETROL_95,2025-11-21,607.0,4,151.75,177.724740352415,3309753.87,4,0,172326.09000000032,-171719.09000000032,357.0
STATION_01,Petrol Tank 03,PETROL_95,2025-11-22,973.881,7,139.12585714285714,149.07345880742662,3586236.45,5,1,276482.5800000001,-275508.6990000001,366.881
STATION_01,Petrol Tank 03,PETROL_95,2025-11-23,446.0,3,148.66666666666666,184.6889063732127,3712854.96,6,1,126618.50999999978,-126172.50999999978,-527.881
STATION_01,Petrol Tank 03,PETROL_95,2025-11-24,583.14,8,72.8925,59.117514434024905,3878407.24,0,0,165552.28000000026,-164969.14000000025,137.14
STATION_01,Petrol Tank 03,PETROL_95,2025-11-25,663.0,6,110.5,83.48191925201529,4066631.62,1,0,188224.3799999999,-187561.3799999999,79.86000000000001
STATION_01,Petrol Tank 03,PETROL_95,2025-11-26,315.58,6,52.596666666666664,67.10392020043737,4156224.15,2,0,89592.5299999998,-89276.9499999998,-347.42
STATION_01,Petrol Tank 03,PETROL_95,2025-11-27,371.0,4,92.75,117.09060775598812,4261550.3,3,0,105326.1499999999,-104955.1499999999,55.420000000000016
STATION_01,Petrol Tank 03,PETROL_95,2025-11-28,618.0,2,309.0,227.6883835420683,4436999.27,4,0,175448.96999999974,-174830.96999999974,247.0
STATION_01,Petrol Tank 03,PETROL_95,2025-11-29,539.0,4,134.75,80.59618323882755,4590020.29,5,1,153021.02000000048,-152482.02000000048,-79.0
STATION_01,Petrol Tank 03,PETROL_95,2025-11-30,909.0,4,227.25,116.01442778091584,4848083.58,6,1,258063.29000000004,-257154.29000000004,370.0
STATION_01,Petrol Tank 03,PETROL_95,2025-12-01,376.0,5,75.2,66.40184319354395,106745.59,0,0,-4741337.99,-4740961.99,-533.0
STATION_01,Petrol Tank 03,PETROL_95,2025-12-05,30.0,1,30.0,0.0,115262.53,4,0,8516.940000000002,-8486.940000000002,-346.0
STATION_01,Petrol Tank 03,PETROL_95,2025-12-06,732.751,5,146.5502,163.13058424832542,323288.79,5,1,208026.25999999998,-207293.509,702.751
STATION_01,Petrol Tank 03,PETROL_95,2025-12-07,826.96,6,137.82666666666668,106.2963786187783,558061.07,6,1,234772.27999999997,-233945.31999999998,94.20900000000006
STATION_01,Petrol Tank 03,PETROL_95,2025-12-08,1086.0,9,120.66666666666667,106.22060693787245,866374.3,0,0,308313.2300000001,-307227.2300000001,259.03999999999996
STATION_01,Petrol Tank 03,PETROL_95,2025-12-09,552.78,5,110.556,146.3083974606379,1023307.44,1,0,156933.1399999999,-156380.3599999999,-533.22
STATION_01,Petrol Tank 03,PETROL_95,2025-12-10,404.0,5,80.8,91.22120903605696,1138002.23,2,0,114694.79000000004,-114290.79000000004,-148.77999999999997
STATION_01,Petrol Tank 03,PETROL_95,2025-12-11,712.58,5,142.51600000000002,187.6986408594905,1340302.26,3,0,202300.03000000003,-201587.45000000004,308.58000000000004
STATION_01,Petrol Tank 03,PETROL_95,2025-12-12,573.999,5,114.7998,68.66904659815803,1503259.72,4,0,162957.45999999996,-162383.46099999995,-138.58100000000002
STATION_01,Petrol Tank 03,PETROL_95,2025-12-13,546.0,4,136.5,152.42415609301128,1658268.02,5,1,155008.30000000005,-154462.30000000005,-27.999000000000024
STATION_01,Petrol Tank 03,PETROL_95,2025-12-14,624.54,7,89.22,76.28885708280076,1835573.69,6,1,177305.66999999993,-176681.12999999992,78.53999999999996
STATION_01,Petrol Tank 03,PETROL_95,2025-12-15,72.0,2,36.0,50.826835431689034,1856014.34,0,0,20440.65000000014,-20368.65000000014,-552.54
STATION_01,Petrol Tank 03,PETROL_95,2025-12-16,385.33,2,192.665,117.85348722036187,1965408.75,1,0,109394.40999999992,-109009.07999999991,313.33
STATION_01,Petrol Tank 03,PETROL_95,2025-12-17,609.001,7,87.00014285714285,91.69865653764795,2138302.64,2,0,172893.89000000013,-172284.88900000014,223.671
STATION_01,Petrol Tank 03,PETROL_95,2025-12-18,973.488,9,108.16533333333334,91.8709420273897,2414674.5,3,0,276371.85999999987,-275398.37199999986,364.4870000000001
STATION_01,Petrol Tank 03,PETROL_95,2025-12-19,864.74,8,108.0925,125.91068554109525,2660172.45,4,0,245497.9500000002,-244633.2100000002,-108.74800000000005
STATION_01,Petrol Tank 03,PETROL_95,2025-12-20,573.0,4,143.25,141.36939339427988,2822846.0,5,1,162673.5499999998,-162100.5499999998,-291.74
STATION_01,Petrol Tank 03,PETROL_95,2025-12-21,485.021,6,80.83683333333333,58.43719069365558,2960542.2,6,1,137696.2000000002,-137211.17900000018,-87.97899999999998
STATION_01,Petrol Tank 03,PETROL_95,2025-12-22,453.63,5,90.726,56.88367949157298,3089326.86,0,0,128784.65999999968,-128331.02999999968,-31.39100000000002
STATION_01,Petrol Tank 03,PETROL_95,2025-12-23,542.0,5,108.4,93.5965015745781,3243199.58,1,0,153872.7200000002,-153330.7200000002,88.37
STATION_01,Petrol Tank 03,PETROL_95,2025-12-24,746.0,4,186.5,165.29031207746775,3454987.48,2,0,211787.8999999999,-211041.8999999999,204.0
STATION_01,Petrol Tank 03,PETROL_95,2025-12-25,513.88,7,73.41142857142857,91.90319339184602,3600876.98,3,0,145889.5,-145375.62,-232.12
STATION_01,Petrol Tank 03,PETROL_95,2025-12-26,599.15,6,99.85833333333333,76.83018089700602,3770974.48,4,0,170097.5,-169498.35,85.26999999999998
STATION_01,Petrol Tank 03,PETROL_95,2025-12-28,693.8199999999999,4,173.45499999999998,177.200057738892,3967948.59,6,1,196974.10999999987,-196280.28999999986,94.66999999999996
STATION_01,Petrol Tank 03,PETROL_95,2025-12-29,361.13,5,72.226,76.22300251564484,4070472.67,0,0,102524.08000000007,-102162.95000000007,-332.68999999999994
STATION_01,Petrol Tank 03,PETROL_95,2025-12-30,606.0799999999999,9,67.34222222222222,95.19351308752317,4242537.58,1,0,172064.91000000015,-171458.83000000016,244.94999999999993
STATION_01,Petrol Tank 03,PETROL_95,2025-12-31,739.59,6,123.265,95.75559019712635,4452505.7,2,0,209968.1200000001,-209228.53000000012,133.5100000000001
STATION_01,Super Diesel Tank 03,DIESEL_AUTO,2025-10-01,275.0,6,45.833333333333336,32.62587357706559,72944.85,2,0,0.0,275.0,0.0
STATION_01,Super Diesel Tank 03,DIESEL_AUTO,2025-10-02,251.0,2,125.5,53.033008588991066,139523.6,3,0,66578.75,-66327.75,-24.0
STATION_01,Super Diesel Tank 03,DIESEL_AUTO,2025-10-03,258.0,2,129.0,60.81118318204309,207959.13,4,0,68435.53,-68177.53,7.0
STATION_01,Super Diesel Tank 03,DIESEL_AUTO,2025-10-04,363.0,5,72.6,61.27234286364445,304246.34,5,1,96287.21000000002,-95924.21000000002,105.0
STATION_01,Super Diesel Tank 03,DIESEL_AUTO,2025-10-05,239.0,4,59.75,56.85952925118767,367642.04,6,1,63395.69999999995,-63156.69999999995,-124.0
STATION_01,Super Diesel Tank 03,DIESEL_AUTO,2025-10-06,128.0,2,64.0,5.656854249492381,401594.55,0,0,33952.51000000001,-33824.51000000001,-111.0
STATION_01,Super Diesel Tank 03,DIESEL_AUTO,2025-10-07,211.0,3,70.33333333333333,74.78190511971016,457563.14,1,0,55968.590000000026,-55757.590000000026,83.0
STATION_01,Super Diesel Tank 03,DIESEL_AUTO,2025-10-08,106.0,5,21.2,18.633303518163387,485680.06,2,0,28116.919999999984,-28010.919999999984,-105.0
STATION_01,Super Diesel Tank 03,DIESEL_AUTO,2025-10-09,265.0,3,88.33333333333333,47.521924764610844,555972.37,3,0,70292.31,-70027.31,159.0
STATION_01,Super Diesel Tank 03,DIESEL_AUTO,2025-10-10,323.0,2,161.5,27.577164466275352,641649.41,4,0,85677.04000000004,-85354.04000000004,58.0
STATION_01,Super Diesel Tank 03,DIESEL_AUTO,2025-10-11,249.0,4,62.25,69.1007718239577,707697.66,5,1,66048.25,-65799.25,-74.0
STATION_01,Super Diesel Tank 03,DIESEL_AUTO,2025-10-12,212.0,2,106.0,66.46803743153546,763931.5,6,1,56233.83999999997,-56021.83999999997,-37.0
STATION_01,Super Diesel Tank 03,DIESEL_AUTO,2025-10-13,179.0,2,89.5,24.748737341529164,811411.97,0,0,47480.46999999997,-47301.46999999997,-33.0
STATION_01,Super Diesel Tank 03,DIESEL_AUTO,2025-10-14,378.0,4,94.5,76.96102909914862,911677.99,1,0,100266.02000000002,-99888.02000000002,199.0
STATION_01,Super Diesel Tank 03,DIESEL_AUTO,2025-10-15,383.0,5,76.6,97.07368335444988,1013270.27,2,0,101592.28000000003,-101209.28000000003,5.0
STATION_01,Super Diesel Tank 03,DIESEL_AUTO,2025-10-16,245.0,4,61.25,41.16126820203673,1078257.49,3,0,64987.21999999997,-64742.21999999997,-138.0
STATION_01,Super Diesel Tank 03,DIESEL_AUTO,2025-10-17,341.0,2,170.5,91.21677477306463,1168709.1,4,0,90451.6100000001,-90110.6100000001,96.0
STATION_01,Super Diesel Tank 03,DIESEL_AUTO,2025-10-18,413.0,5,82.6,75.78786182496509,1278259.0,5,1,109549.8999999999,-109136.8999999999,72.0
STATION_01,Super Diesel Tank 03,DIESEL_AUTO,2025-10-19,215.0,2,107.5,85.55992052357225,1335288.61,6,1,57029.6100000001,-56814.6100000001,-198.0
STATION_01,Super Diesel Tank 03,DIESEL_AUTO,2025-10-20,177.0,4,44.25,19.5,1382238.57,0,0,46949.95999999996,-46772.95999999996,-38.0
STATION_01,Super Diesel Tank 03,DIESEL_AUTO,2025-10-21,67.0,2,33.5,12.020815280171307,1400010.59,1,0,17772.02000000002,-17705.02000000002,-110.0
STATION_01,Super Diesel Tank 03,DIESEL_AUTO,2025-10-22,265.0,3,88.33333333333333,66.17579794255097,1470302.89,2,0,70292.29999999981,-70027.29999999981,198.0
STATION_01,Super Diesel Tank 03,DIESEL_AUTO,2025-10-23,231.0,3,77.0,53.225933528685054,1531576.56,3,0,61273.67000000016,-61042.67000000016,-34.0
STATION_01,Super Diesel Tank 03,DIESEL_AUTO,2025-10-24,210.0,5,42.0,54.520098738905446,1587279.9,4,0,55703.33999999985,-55493.33999999985,-21.0
STATION_01,Super Diesel Tank 03,DIESEL_AUTO,2025-10-25,303.0,2,151.5,45.96194077712559,1667651.87,5,1,80371.9700000002,-80068.9700000002,93.0
STATION_01,Super Diesel Tank 03,DIESEL_AUTO,2025-10-26,212.0,3,70.66666666666667,94.76989676755659,1723885.71,6,1,56233.83999999985,-56021.83999999985,-91.0
STATION_01,Super Diesel Tank 03,DIESEL_AUTO,2025-10-27,293.0,2,146.5,10.606601717798213,1801605.14,0,0,77719.42999999993,-77426.42999999993,81.0
STATION_01,Super Diesel Tank 03,DIESEL_AUTO,2025-10-28,332.0,3,110.66666666666667,61.40304009846201,1889669.47,1,0,88064.33000000007,-87732.33000000007,39.0
STATION_01,Super Diesel Tank 03,DIESEL_AUTO,2025-10-29,279.0,3,93.0,57.37595315112421,1963675.33,2,0,74005.8600000001,-73726.8600000001,-53.0
STATION_01,Super Diesel Tank 03,DIESEL_AUTO,2025-10-30,334.0,5,66.8,34.0690475358499,2052270.17,3,0,88594.83999999985,-88260.83999999985,55.0
STATION_01,Super Diesel Tank 03,DIESEL_AUTO,2025-10-31,340.0,4,85.0,59.16079783099616,2142456.53,4,0,90186.35999999987,-89846.35999999987,6.0
STATION_01,Super Diesel Tank 04,DIESEL_AUTO,2025-11-01,379.0,4,94.75,87.8712766873605,102137.47,5,1,0.0,379.0,0.0
STATION_01,Super Diesel Tank 04,DIESEL_AUTO,2025-11-02,164.0,2,82.0,26.870057685088806,146334.16,6,1,44196.69,-44032.69,-215.0
STATION_01,Super Diesel Tank 04,DIESEL_AUTO,2025-11-03,287.0,3,95.66666666666667,100.28625695145539,223678.36,0,0,77344.19999999998,-77057.19999999998,123.0
STATION_01,Super Diesel Tank 04,DIESEL_AUTO,2025-11-04,207.0,4,51.75,29.47082092511167,279463.21,1,0,55784.850000000035,-55577.850000000035,-80.0
STATION_01,Super Diesel Tank 04,DIESEL_AUTO,2025-11-05,267.0,2,133.5,10.606601717798213,351417.58,2,0,71954.37,-71687.37,60.0
STATION_01,Super Diesel Tank 04,DIESEL_AUTO,2025-11-06,328.0,2,164.0,162.63455967290594,439810.96,3,0,88393.38,-88065.38,61.0
STATION_01,Super Diesel Tank 04,DIESEL_AUTO,2025-11-07,230.0,6,38.333333333333336,25.819888974716115,501794.12,4,0,61983.159999999974,-61753.159999999974,-98.0
STATION_01,Super Diesel Tank 04,DIESEL_AUTO,2025-11-08,230.0,3,76.66666666666667,27.15388247255507,563777.27,5,1,61983.15000000002,-61753.15000000002,0.0
STATION_01,Super Diesel Tank 04,DIESEL_AUTO,2025-11-09,314.0,5,62.8,30.11439214063601,648397.76,6,1,84620.48999999999,-84306.48999999999,84.0
STATION_01,Super Diesel Tank 04,DIESEL_AUTO,2025-11-10,55.0,2,27.5,3.5355339059327378,663219.82,0,0,14822.05999999994,-14767.05999999994,-259.0
STATION_01,Super Diesel Tank 04,DIESEL_AUTO,2025-11-11,341.0,4,85.25,66.07978712637221,755116.59,1,0,91896.77000000002,-91555.77000000002,286.0
STATION_01,Super Diesel Tank 04,DIESEL_AUTO,2025-11-12,362.0,3,120.66666666666667,66.04039168064749,852672.7,2,0,97556.10999999999,-97194.10999999999,21.0
STATION_01,Super Diesel Tank 04,DIESEL_AUTO,2025-11-13,191.0,5,38.2,17.782013384316187,904145.69,3,0,51472.98999999999,-51281.98999999999,-171.0
STATION_01,Super Diesel Tank 04,DIESEL_AUTO,2025-11-14,306.0,4,76.5,86.52359986346693,986610.24,4,0,82464.55000000005,-82158.55000000005,115.0
STATION_01,Super Diesel Tank 04,DIESEL_AUTO,2025-11-15,256.0,3,85.33333333333333,67.79018685129384,1055600.2,5,1,68989.95999999996,-68733.95999999996,-50.0
STATION_01,Super Diesel Tank 04,DIESEL_AUTO,2025-11-16,152.0,3,50.666666666666664,32.26733564044811,1096562.99,6,1,40962.79000000004,-40810.79000000004,-104.0
STATION_01,Super Diesel Tank 04,DIESEL_AUTO,2025-11-17,146.0,4,36.5,22.851292538205946,1135908.82,0,0,39345.830000000075,-39199.830000000075,-6.0
STATION_01,Super Diesel Tank 04,DIESEL_AUTO,2025-11-18,512.0,7,73.14285714285714,55.22809843859245,1273888.73,1,0,137979.90999999992,-137467.90999999992,366.0
STATION_01,Super Diesel Tank 04,DIESEL_AUTO,2025-11-19,175.0,2,87.5,54.44722215136416,1321049.83,2,0,47161.10000000009,-46986.10000000009,-337.0
STATION_01,Super Diesel Tank 04,DIESEL_AUTO,2025-11-20,313.0,2,156.5,54.44722215136416,1405400.83,3,0,84351.0,-84038.0,138.0
STATION_01,Super Diesel Tank 04,DIESEL_AUTO,2025-11-21,232.0,3,77.33333333333333,44.747439405326126,1467922.97,4,0,62522.1399999999,-62290.1399999999,-81.0
STATION_01,Super Diesel Tank 04,DIESEL_AUTO,2025-11-22,227.0,4,56.75,57.638962516686576,1529097.66,5,1,61174.689999999944,-60947.689999999944,-5.0
STATION_01,Super Diesel Tank 04,DIESEL_AUTO,2025-11-23,187.0,2,93.5,84.14570696119915,1579492.67,6,1,50395.01000000001,-50208.01000000001,-40.0
STATION_01,Super Diesel Tank 04,DIESEL_AUTO,2025-11-24,313.0,3,104.33333333333333,46.55731235083629,1663843.67,0,0,84351.0,-84038.0,126.0
STATION_01,Super Diesel Tank 04,DIESEL_AUTO,2025-11-25,179.0,3,59.666666666666664,51.57237980094901,1712082.74,1,0,48239.070000000065,-48060.070000000065,-134.0
STATION_01,Super Diesel Tank 04,DIESEL_AUTO,2025-11-26,376.0,5,75.2,54.81714159366575,1813411.73,2,0,101328.98999999999,-100952.98999999999,197.0
STATION_01,Super Diesel Tank 04,DIESEL_AUTO,2025-11-27,126.999,5,25.3998,23.424083604273616,1847637.21,3,0,34225.47999999998,-34098.48099999998,-249.001
STATION_01,Super Diesel Tank 04,DIESEL_AUTO,2025-11-28,219.0,5,43.8,20.011924957384785,1906655.96,4,0,59018.75,-58799.75,92.001
STATION_01,Super Diesel Tank 04,DIESEL_AUTO,2025-11-29,380.0,3,126.66666666666667,75.22189397597839,2009062.92,5,1,102406.95999999996,-102026.95999999996,161.0
STATION_01,Super Diesel Tank 04,DIESEL_AUTO,2025-11-30,336.0,4,84.0,85.58927951560288,2099612.24,6,1,90549.3200000003,-90213.3200000003,-44.0
STATION_01,Super Diesel Tank 04,DIESEL_AUTO,2025-12-01,345.0,4,86.25,82.05671259561889,92974.75,0,0,-2006637.4900000002,-2006292.4900000002,9.0
STATION_01,Super Diesel Tank 04,DIESEL_AUTO,2025-12-02,30.0,2,15.0,21.213203435596427,101059.52,1,0,8084.770000000004,-8054.770000000004,-315.0
STATION_01,Super Diesel Tank 04,DIESEL_AUTO,2025-12-03,175.0,3,58.333333333333336,75.42075667436208,148220.62,2,0,47161.09999999999,-46986.09999999999,145.0
STATION_01,Super Diesel Tank 04,DIESEL_AUTO,2025-12-04,255.0,4,63.75,52.69726040317466,216941.08,3,0,68720.45999999999,-68465.45999999999,80.0
STATION_01,Super Diesel Tank 04,DIESEL_AUTO,2025-12-05,165.0,2,82.5,19.091883092036785,261407.25,4,0,44466.17000000001,-44301.17000000001,-90.0
STATION_01,Super Diesel Tank 04,DIESEL_AUTO,2025-12-06,302.001,6,50.333499999999994,29.988074921541727,342793.84,5,1,81386.59000000003,-81084.58900000002,137.00099999999998
STATION_01,Super Diesel Tank 04,DIESEL_AUTO,2025-12-07,256.0,5,51.2,23.48633616594977,411783.79,6,1,68989.94999999995,-68733.94999999995,-46.000999999999976
STATION_01,Super Diesel Tank 04,DIESEL_AUTO,2025-12-08,203.0,5,40.6,22.074872593063816,466490.66,0,0,54706.869999999995,-54503.869999999995,-53.0
STATION_01,Super Diesel Tank 04,DIESEL_AUTO,2025-12-09,346.0,5,69.2,72.84365713293093,559734.9,1,0,93244.24000000005,-92898.24000000005,143.0
STATION_01,Super Diesel Tank 04,DIESEL_AUTO,2025-12-10,151.0,3,50.333333333333336,51.2867754234299,600428.2,2,0,40693.29999999993,-40542.29999999993,-195.0
STATION_01,Super Diesel Tank 04,DIESEL_AUTO,2025-12-11,306.0,3,102.0,95.96550213488179,682892.75,3,0,82464.55000000005,-82158.55000000005,155.0
STATION_01,Super Diesel Tank 04,DIESEL_AUTO,2025-12-12,278.0,3,92.66666666666667,55.193598662646856,757811.53,4,0,74918.78000000003,-74640.78000000003,-28.0
STATION_01,Super Diesel Tank 04,DIESEL_AUTO,2025-12-13,362.0,4,90.5,79.41509916886083,855367.64,5,1,97556.10999999999,-97194.10999999999,84.0
STATION_01,Super Diesel Tank 04,DIESEL_AUTO,2025-12-14,155.0,2,77.5,9.192388155425117,897138.9,6,1,41771.26000000001,-41616.26000000001,-207.0
STATION_01,Super Diesel Tank 04,DIESEL_AUTO,2025-12-15,132.0,4,33.0,22.90560339014597,932711.84,0,0,35572.939999999944,-35440.939999999944,-23.0
STATION_01,Super Diesel Tank 04,DIESEL_AUTO,2025-12-16,193.0,1,193.0,0.0,984723.8,1,0,52011.96000000008,-51818.96000000008,61.0
STATION_01,Super Diesel Tank 04,DIESEL_AUTO,2025-12-17,319.0,5,63.8,22.769814448080158,1070691.75,2,0,85967.94999999995,-85648.94999999995,126.0
STATION_01,Super Diesel Tank 04,DIESEL_AUTO,2025-12-18,201.0,4,50.25,9.535023160258536,1124859.64,3,0,54167.8899999999,-53966.8899999999,-118.0
STATION_01,Super Diesel Tank 04,DIESEL_AUTO,2025-12-19,157.0,4,39.25,9.967202081493749,1167169.89,4,0,42310.25,-42153.25,-44.0
STATION_01,Super Diesel Tank 04,DIESEL_AUTO,2025-12-20,201.0,3,67.0,17.578395831246947,1221337.78,5,1,54167.89000000013,-53966.89000000013,44.0
STATION_01,Super Diesel Tank 04,DIESEL_AUTO,2025-12-21,135.0,1,135.0,0.0,1257719.2,6,1,36381.419999999925,-36246.419999999925,-66.0
STATION_01,Super Diesel Tank 04,DIESEL_AUTO,2025-12-22,367.0,5,73.4,52.31045914059635,1356622.77,0,0,98903.57000000007,-98536.57000000007,232.0
STATION_01,Super Diesel Tank 04,DIESEL_AUTO,2025-12-23,342.0,6,57.0,40.33094795811276,1448789.03,1,0,92166.26000000001,-91824.26000000001,-25.0
STATION_01,Super Diesel Tank 04,DIESEL_AUTO,2025-12-24,345.0,4,86.25,76.29298012705144,1541763.77,2,0,92974.73999999999,-92629.73999999999,3.0
STATION_01,Super Diesel Tank 04,DIESEL_AUTO,2025-12-25,397.001,5,79.4002,82.72313130980959,1648752.1,3,0,106988.33000000007,-106591.32900000007,52.000999999999976
STATION_01,Super Diesel Tank 04,DIESEL_AUTO,2025-12-26,256.0,4,64.0,45.43449088522947,1717742.05,4,0,68989.94999999995,-68733.94999999995,-141.00099999999998
STATION_01,Super Diesel Tank 04,DIESEL_AUTO,2025-12-27,301.0,2,150.5,41.71930009000631,1798859.15,5,1,81117.09999999986,-80816.09999999986,45.0
STATION_01,Super Diesel Tank 04,DIESEL_AUTO,2025-12-28,218.0,6,36.333333333333336,11.563183431333549,1857608.4,6,1,58749.25,-58531.25,-83.0
STATION_01,Super Diesel Tank 04,DIESEL_AUTO,2025-12-29,242.0,4,60.5,17.97220075561143,1922825.47,0,0,65217.070000000065,-64975.070000000065,24.0
STATION_01,Super Diesel Tank 04,DIESEL_AUTO,2025-12-30,249.0,5,49.8,46.05783369308635,1989928.98,1,0,67103.51000000001,-66854.51000000001,7.0
STATION_01,Super Diesel Tank 04,DIESEL_AUTO,2025-12-31,247.0,2,123.5,132.22896808188437,2056493.5,2,0,66564.52000000002,-66317.52000000002,-2.0
